Workbook

Sheet README
A1: Workbook | B1: Main_clean.xlsx — Replikation Mönch & Stein (2021) Tabelle 3 Panel A
A2: Modelle | B2: 12 Sheets: M1_h1, M1_h3, M1_h6, M1_h12, M2_h1, ..., M3_h12
A3: Summary | B3: Sheet 'Replikation_Summary' zeigt alle 12 Modelle nebeneinander mit M&S-Paper-Werten und Differenz-Spalte.
A4: Methodik | B4: OLS-Regression des durchschnittlichen Log-Excess-Returns ueber die naechsten h Monate auf die Probit-Rezessionswahrscheinlichkeit (Stufe-1-Output aus R, rekursiv geschaetzt).
A5: OOS-Start | B5: 1980-01 (siehe Kap. 4.6)
A6: Trainingsfenster | B6: Rekursiv expandierend, Start 1965-01, Ende ROW()-h (Ende-Monat-Konvention)
A7: Zielgroesse | B7: G = AVERAGE(F[t+1]:F[t+h]) — Durchschnitt, nicht Summe
A8: HAC-Lag | B8: Newey-West mit Lag L = h (R-Konvention, war frueher L = h-1)
A9: Auswertungs-Fenster | B9: Pro Sheet zwei Boxen im Summary-Block (Row 905+): links M&S-Fenster 1980-01 bis 2019-12, rechts Full-Fenster 1980-01 bis 2026-03
A11: Block-Farben
A12: OOS-Bereich

Sheet Replikation_Summary
A1: Replikation Moench & Stein (2021), Tabelle 3 Panel A - Stufe-2-Predictive-Regression
C2: M&S-Fenster (1980-01 bis 2019-12) | J2: Full-Fenster (1980-01 bis 2026-03)
A3: Spec | B3: h | C3: R²_OS Excel (%) | D3: CW-z Excel | E3: Sig Excel | F3: R²_OS M&S (%) | G3: Sig M&S | H3: Diff (pp) | J3: R²_OS Excel (%) | K3: CW-z Excel | L3: Sig Excel
A4: M1 | B4: 1 | C4: =M1_h1!B912*100 -> -0.69176823 | D4: =M1_h1!B921 -> -1.3551459 | E4: =M1_h1!B923 -> n.s. | F4: -0.83 | H4: =C4-F4 -> 0.13823177 | J4: =M1_h1!J912*100 -> -0.57688424 | K4: =M1_h1!J921 -> -1.3558391 | L4: =M1_h1!J923 -> n.s.
A5: M2 | B5: 1 | C5: =M2_h1!B912*100 -> -0.077622179 | D5: =M2_h1!B921 -> 0.2322535 | E5: =M2_h1!B923 -> n.s. | F5: 0.23 | H5: =C5-F5 -> -0.30762218 | J5: =M2_h1!J912*100 -> -0.17577206 | K5: =M2_h1!J921 -> -0.0080237925 | L5: =M2_h1!J923 -> n.s.
A6: M3 | B6: 1 | C6: =M3_h1!B912*100 -> 0.041376574 | D6: =M3_h1!B921 -> 0.51097425 | E6: =M3_h1!B923 -> n.s. | F6: 1.11 | G6: ** | H6: =C6-F6 -> -1.0686234 | J6: =M3_h1!J912*100 -> -0.25275901 | K6: =M3_h1!J921 -> -0.4237682 | L6: =M3_h1!J923 -> n.s.
A7: M1 | B7: 3 | C7: =M1_h3!B912*100 -> -0.68522188 | D7: =M1_h3!B921 -> -0.39143463 | E7: =M1_h3!B923 -> n.s. | F7: -1.38 | H7: =C7-F7 -> 0.69477812 | J7: =M1_h3!J912*100 -> -0.90817461 | K7: =M1_h3!J921 -> -0.77330742 | L7: =M1_h3!J923 -> n.s.
A8: M2 | B8: 3 | C8: =M2_h3!B912*100 -> 1.3808839 | D8: =M2_h3!B921 -> 1.9271182 | E8: =M2_h3!B923 -> ** (5%) | F8: 1.58 | G8: ** | H8: =C8-F8 -> -0.1991161 | J8: =M2_h3!J912*100 -> 0.19119895 | K8: =M2_h3!J921 -> 0.73314174 | L8: =M2_h3!J923 -> n.s.
A9: M3 | B9: 3 | C9: =M3_h3!B912*100 -> 0.86127915 | D9: =M3_h3!B921 -> 1.7300407 | E9: =M3_h3!B923 -> ** (5%) | F9: 3.09 | G9: *** | H9: =C9-F9 -> -2.2287209 | J9: =M3_h3!J912*100 -> -0.28133946 | K9: =M3_h3!J921 -> 0.18978567 | L9: =M3_h3!J923 -> n.s.
A10: M1 | B10: 6 | C10: =M1_h6!B912*100 -> 0.13020553 | D10: =M1_h6!B921 -> 0.57679709 | E10: =M1_h6!B923 -> n.s. | F10: -1.68 | H10: =C10-F10 -> 1.8102055 | J10: =M1_h6!J912*100 -> -1.2136041 | K10: =M1_h6!J921 -> -0.06604051 | L10: =M1_h6!J923 -> n.s.
A11: M2 | B11: 6 | C11: =M2_h6!B912*100 -> 2.9212978 | D11: =M2_h6!B921 -> 2.2300235 | E11: =M2_h6!B923 -> ** (5%) | F11: 1.98 | G11: ** | H11: =C11-F11 -> 0.94129782 | J11: =M2_h6!J912*100 -> -0.064707848 | K11: =M2_h6!J921 -> 0.62337238 | L11: =M2_h6!J923 -> n.s.
A12: M3 | B12: 6 | C12: =M3_h6!B912*100 -> 2.8788008 | D12: =M3_h6!B921 -> 2.6931646 | E12: =M3_h6!B923 -> *** (1%) | F12: 3.83 | G12: ** | H12: =C12-F12 -> -0.95119922 | J12: =M3_h6!J912*100 -> 0.18913175 | K12: =M3_h6!J921 -> 0.76000671 | L12: =M3_h6!J923 -> n.s.
A13: M1 | B13: 12 | C13: =M1_h12!B912*100 -> 4.7642272 | D13: =M1_h12!B921 -> 2.1889536 | E13: =M1_h12!B923 -> ** (5%) | F13: 4.21 | G13: ** | H13: =C13-F13 -> 0.55422718 | J13: =M1_h12!J912*100 -> -0.13136698 | K13: =M1_h12!J921 -> 0.91549219 | L13: =M1_h12!J923 -> n.s.
A14: M2 | B14: 12 | C14: =M2_h12!B912*100 -> 5.4711923 | D14: =M2_h12!B921 -> 2.8950008 | E14: =M2_h12!B923 -> *** (1%) | F14: 8.23 | G14: *** | H14: =C14-F14 -> -2.7588077 | J14: =M2_h12!J912*100 -> -0.11098927 | K14: =M2_h12!J921 -> 0.65629542 | L14: =M2_h12!J923 -> n.s.
A15: M3 | B15: 12 | C15: =M3_h12!B912*100 -> 8.2593593 | D15: =M3_h12!B921 -> 3.6513231 | E15: =M3_h12!B923 -> *** (1%) | F15: 9.27 | G15: *** | H15: =C15-F15 -> -1.0106407 | J15: =M3_h12!J912*100 -> 1.6438283 | K15: =M3_h12!J921 -> 1.2381258 | L15: =M3_h12!J923 -> n.s.

Sheet M1_h1
A1: date | B1: sp500_price | C1: D_12m | D1: sp500_log_total_return | E1: rfree | F1: log_equity_prem | G1: fwd_avg_log_eqprem (Y) | H1: usrec | I1: p_M1_h1 | J1: alpha | K1: beta | L1: forecast | M1: benchmark | N1: se_model | O1: se_benchmark | P1: rolling_R2_OS | Q1: clark_west_f
A2: 18718 | B2: 21.48 | C2: 1.52 | E2: 0.0011592468 | G2: =AVERAGE(F3) -> 0.047740849 | H2: 0
A3: 18748 | B3: 22.43 | C3: 1.53333 | D3: =LN((B3+C3/12)/B2) -> 0.048957672 | E3: 0.0012168233 | F3: =D3-E3 -> 0.047740849 | G3: =AVERAGE(F4) -> -0.036727777 | H3: 0
A4: 18779 | B4: 21.52 | C4: 1.54667 | D4: =LN((B4+C4/12)/B3) -> -0.035445197 | E4: 0.0012825803 | F4: =D4-E4 -> -0.036727777 | G4: =AVERAGE(F5) -> -0.021384182 | H4: 0
A5: 18809 | B5: 20.959999 | C5: 1.56 | D5: =LN((B5+C5/12)/B4) -> -0.020183805 | E5: 0.0012003766 | F5: =D5-E5 -> -0.021384182 | G5: =AVERAGE(F6) -> 0.070891819 | H5: 0
A6: 18840 | B6: 22.4 | C6: 1.54667 | D6: =LN((B6+C6/12)/B5) -> 0.072182616 | E6: 0.0012907966 | F6: =D6-E6 -> 0.070891819 | G6: =AVERAGE(F7) -> 0.042667348 | H6: 0
A7: 18871 | B7: 23.280001 | C7: 1.53333 | D7: =LN((B7+C7/12)/B6) -> 0.044007426 | E7: 0.0013400788 | F7: =D7-E7 -> 0.042667348 | G7: =AVERAGE(F8) -> 0.0032231269 | H7: 0
A8: 18901 | B8: 23.26 | C8: 1.52 | D8: =LN((B8+C8/12)/B7) -> 0.0045714168 | E8: 0.0013482899 | F8: =D8-E8 -> 0.0032231269 | G8: =AVERAGE(F9) -> -0.0097534102 | H8: 0
A9: 18932 | B9: 22.940001 | C9: 1.48333 | D9: =LN((B9+C9/12)/B8) -> -0.0084790469 | E9: 0.0012743633 | F9: =D9-E9 -> -0.0097534102 | G9: =AVERAGE(F10) -> 0.0013454142 | H9: 0
A10: 18962 | B10: 22.879999 | C10: 1.44667 | D10: =LN((B10+C10/12)/B9) -> 0.0026362108 | E10: 0.0012907966 | F10: =D10-E10 -> 0.0013454142 | G10: =AVERAGE(F11) -> 0.041661839 | H10: 0
A11: 18993 | B11: 23.77 | C11: 1.41 | D11: =LN((B11+C11/12)/B10) -> 0.043092199 | E11: 0.0014303602 | F11: =D11-E11 -> 0.041661839 | G11: =AVERAGE(F12) -> 0.01901395 | H11: 0
A12: 19024 | B12: 24.139999 | C12: 1.41333 | D12: =LN((B12+C12/12)/B11) -> 0.020312962 | E12: 0.0012990121 | F12: =D12-E12 -> 0.01901395 | G12: =AVERAGE(F13) -> -0.033346746 | H12: 0
A13: 19053 | B13: 23.26 | C13: 1.41667 | D13: =LN((B13+C13/12)/B12) -> -0.032072383 | E13: 0.0012743633 | F13: =D13-E13 -> -0.033346746 | G13: =AVERAGE(F14) -> 0.05014625 | H13: 0
A14: 19084 | B14: 24.370001 | C14: 1.42 | D14: =LN((B14+C14/12)/B13) -> 0.051461691 | E14: 0.001315441 | F14: =D14-E14 -> 0.05014625 | G14: =AVERAGE(F15) -> -0.040243515 | H14: 0
... A167: 23742 | B167: 84.75 | C167: 2.5 | D167: =LN((B167+C167/12)/B166) -> 0.0063566216 | E167: 0.0031450242 | F167: =D167-E167 -> 0.0032115974 | G167: =AVERAGE(F168) -> 0.031889951 | H167: 0
A168: 23773 | B168: 87.559998 | C168: 2.51667 | D168: =LN((B168+C168/12)/B167) -> 0.035010821 | E168: 0.0031208697 | F168: =D168-E168 -> 0.031889951 | G168: =AVERAGE(F169) -> -0.0022915007 | H168: 0 | I168: 0.15053911
A169: 23801 | B169: 87.43 | C169: 2.53333 | D169: =LN((B169+C169/12)/B168) -> 0.00092594832 | E169: 0.003217449 | F169: =D169-E169 -> -0.0022915007 | G169: =AVERAGE(F170) -> -0.015386545 | H169: 0 | I169: 0.14358644
A170: 23832 | B170: 86.160004 | C170: 2.55 | D170: =LN((B170+C170/12)/B169) -> -0.012169096 | E170: 0.003217449 | F170: =D170-E170 -> -0.015386545 | G170: =AVERAGE(F171) -> 0.032848557 | H170: 0 | I170: 0.14127427
A171: 23862 | B171: 89.110001 | C171: 2.57 | D171: =LN((B171+C171/12)/B170) -> 0.036066006 | E171: 0.003217449 | F171: =D171-E171 -> 0.032848557 | G171: =AVERAGE(F172) -> -0.0085206412 | H171: 0 | I171: 0.14016724
A172: 23893 | B172: 88.419998 | C172: 2.59 | D172: =LN((B172+C172/12)/B171) -> -0.0053353739 | E172: 0.0031852673 | F172: =D172-E172 -> -0.0085206412 | G172: =AVERAGE(F173) -> -0.050384346 | H172: 0 | I172: 0.14175701
A173: 23923 | B173: 84.120003 | C173: 2.61 | D173: =LN((B173+C173/12)/B172) -> -0.047271529 | E173: 0.0031128168 | F173: =D173-E173 -> -0.050384346 | G173: =AVERAGE(F174) -> 0.012763033 | H173: 0 | I173: 0.14550015
A174: 23954 | B174: 85.25 | C174: 2.62667 | D174: =LN((B174+C174/12)/B173) -> 0.015908057 | E174: 0.0031450242 | F174: =D174-E174 -> 0.012763033 | G174: =AVERAGE(F175) -> 0.021650874 | H174: 0 | I174: 0.14215345
A175: 23985 | B175: 87.169998 | C175: 2.64333 | D175: =LN((B175+C175/12)/B174) -> 0.024795898 | E175: 0.0031450242 | F175: =D175-E175 -> 0.021650874 | G175: =AVERAGE(F176) -> 0.030756526 | H175: 0 | I175: 0.142574
A176: 24015 | B176: 89.959999 | C176: 2.66 | D176: =LN((B176+C176/12)/B175) -> 0.03396593 | E176: 0.0032094047 | F176: =D176-E176 -> 0.030756526 | G176: =AVERAGE(F177) -> 0.026094004 | H176: 0 | I176: 0.13895399
A177: 24046 | B177: 92.419998 | C177: 2.68 | D177: =LN((B177+C177/12)/B176) -> 0.029391858 | E177: 0.0032978538 | F177: =D177-E177 -> 0.026094004 | G177: =AVERAGE(F178) -> -0.009695953 | H177: 0 | I177: 0.13069837
A178: 24076 | B178: 91.610001 | C178: 2.7 | D178: =LN((B178+C178/12)/B177) -> -0.0063498904 | E178: 0.0033460626 | F178: =D178-E178 -> -0.009695953 | G178: =AVERAGE(F179) -> 0.0077817528 | H178: 0 | I178: 0.12980291
A179: 24107 | B179: 92.43 | C179: 2.72 | D179: =LN((B179+C179/12)/B178) -> 0.011360466 | E179: 0.0035787134 | F179: =D179-E179 -> 0.0077817528 | G179: =AVERAGE(F180) -> 0.0035652406 | H179: 0 | I179: 0.11645332
... A347: 29220 | B347: 107.94 | C347: 5.65 | D347: =LN((B347+C347/12)/B346) -> 0.020980621 | E347: 0.0095188323 | F347: =D347-E347 -> 0.011461788 | G347: =AVERAGE(F348) -> 0.050688867 | H347: 0 | I347: 0.41368376
A348: 29251 | B348: 114.16 | C348: 5.7 | D348: =LN((B348+C348/12)/B347) -> 0.06017766 | E348: 0.0094887929 | F348: =D348-E348 -> 0.050688867 | G348: =AVERAGE(F349) -> -0.010314992 | H348: 0 | I348: 0.31229874 | J348: =INTERCEPT($G$168:G347,$I$168:I347) -> -0.0090737223 | K348: =SLOPE($G$168:G347,$I$168:I347) -> 0.060598082 | L348: =J348+K348*I348 -> 0.0098509822 | M348: =AVERAGE($G$168:G347) -> -0.00021130952 | N348: =(L348-G348)^2 -> 0.00040666653 | O348: =(M348-G348)^2 -> 0.00010208441 | P348: =1-AVERAGE($N$348:N348)/AVERAGE($O$348:O348) -> -2.9836302 | Q348: =O348-N348+(M348-L348)^2 -> -0.00020333241
A349: 29280 | B349: 113.66 | C349: 5.75 | D349: =LN((B349+C349/12)/B348) -> -0.00018250906 | E349: 0.010132483 | F349: =D349-E349 -> -0.010314992 | G349: =AVERAGE(F350) -> -0.11449504 | H349: 1 | I349: 0.3259893 | J349: =INTERCEPT($G$168:G348,$I$168:I348) -> -0.0087257353 | K349: =SLOPE($G$168:G348,$I$168:I348) -> 0.057476438 | L349: =J349+K349*I349 -> 0.010010969 | M349: =AVERAGE($G$168:G348) -> -0.00026713098 | N349: =(L349-G349)^2 -> 0.015501746 | O349: =(M349-G349)^2 -> 0.013048015 | P349: =1-AVERAGE($N$348:N349)/AVERAGE($O$348:O349) -> -0.20975606 | Q349: =O349-N349+(M349-L349)^2 -> -0.0023480916
A350: 29311 | B350: 102.09 | C350: 5.8 | D350: =LN((B350+C350/12)/B349) -> -0.10263361 | E350: 0.011861426 | F350: =D350-E350 -> -0.11449504 | G350: =AVERAGE(F351) -> 0.034504172 | H350: 1 | I350: 0.51141384 | J350: =INTERCEPT($G$168:G349,$I$168:I349) -> -0.0064238079 | K350: =SLOPE($G$168:G349,$I$168:I349) -> 0.037320878 | L350: =J350+K350*I350 -> 0.012662606 | M350: =AVERAGE($G$168:G349) -> -0.00089475685 | N350: =(L350-G350)^2 -> 0.00047705403 | O350: =(M350-G350)^2 -> 0.0012530842 | P350: =1-AVERAGE($N$348:N350)/AVERAGE($O$348:O350) -> -0.13762811 | Q350: =O350-N350+(M350-L350)^2 -> 0.00095983225
A351: 29341 | B351: 106.29 | C351: 5.84667 | D351: =LN((B351+C351/12)/B350) -> 0.044889899 | E351: 0.010385726 | F351: =D351-E351 -> 0.034504172 | G351: =AVERAGE(F352) -> 0.043040618 | H351: 1 | I351: 0.47501439 | J351: =INTERCEPT($G$168:G350,$I$168:I350) -> -0.0072677749 | K351: =SLOPE($G$168:G350,$I$168:I350) -> 0.043737276 | L351: =J351+K351*I351 -> 0.01350806 | M351: =AVERAGE($G$168:G350) -> -0.00070132007 | N351: =(L351-G351)^2 -> 0.00087217196 | O351: =(M351-G351)^2 -> 0.0019133571 | P351: =1-AVERAGE($N$348:N351)/AVERAGE($O$348:O351) -> -0.057677529 | Q351: =O351-N351+(M351-L351)^2 -> 0.0012430917
A352: 29372 | B352: 111.24 | C352: 5.89333 | D352: =LN((B352+C352/12)/B351) -> 0.049923953 | E352: 0.0068833355 | F352: =D352-E352 -> 0.043040618 | G352: =AVERAGE(F353) -> 0.025226138 | H352: 1 | I352: 0.11696306 | J352: =INTERCEPT($G$168:G351,$I$168:I351) -> -0.0081932111 | K352: =SLOPE($G$168:G351,$I$168:I351) -> 0.050886329 | L352: =J352+K352*I352 -> -0.0022413901 | M352: =AVERAGE($G$168:G351) -> -0.00046359215 | N352: =(L352-G352)^2 -> 0.00075446512 | O352: =(M352-G352)^2 -> 0.00065996225 | P352: =1-AVERAGE($N$348:N352)/AVERAGE($O$348:O352) -> -0.061001999 | Q352: =O352-N352+(M352-L352)^2 -> -9.13423e-05
A353: 29402 | B353: 114.24 | C353: 5.94 | D353: =LN((B353+C353/12)/B352) -> 0.030935093 | E353: 0.0057089543 | F353: =D353-E353 -> 0.025226138 | G353: =AVERAGE(F354) -> 0.060620039 | H353: 1 | I353: 0.064531532 | J353: =INTERCEPT($G$168:G352,$I$168:I352) -> -0.0079363554 | K353: =SLOPE($G$168:G352,$I$168:I352) -> 0.050171927 | L353: =J353+K353*I353 -> -0.0046986841 | M353: =AVERAGE($G$168:G352) -> -0.00032472874 | N353: =(L353-G353)^2 -> 0.0042665356 | O353: =(M353-G353)^2 -> 0.0037142648 | P353: =1-AVERAGE($N$348:N353)/AVERAGE($O$348:O353) -> -0.076742995 | Q353: =O353-N353+(M353-L353)^2 -> -0.00053313939
A354: 29433 | B354: 121.67 | C354: 5.98333 | D354: =LN((B354+C354/12)/B353) -> 0.067100652 | E354: 0.0064806124 | F354: =D354-E354 -> 0.060620039 | G354: =AVERAGE(F355) -> 0.0026065135 | H354: 1 | I354: 0.075138891 | J354: =INTERCEPT($G$168:G353,$I$168:I353) -> -0.0069476085 | K354: =SLOPE($G$168:G353,$I$168:I353) -> 0.045956363 | L354: =J354+K354*I354 -> -0.0034944983 | M354: =AVERAGE($G$168:G353) -> 2.9313007e-06 | N354: =(L354-G354)^2 -> 3.7222346e-05 | O354: =(M354-G354)^2 -> 6.7786405e-06 | P354: =1-AVERAGE($N$348:N354)/AVERAGE($O$348:O354) -> -0.078188746 | Q354: =O354-N354+(M354-L354)^2 -> -1.8211691e-05
A355: 29464 | B355: 122.38 | C355: 6.02667 | D355: =LN((B355+C355/12)/B354) -> 0.0099138869 | E355: 0.0073073733 | F355: =D355-E355 -> 0.0026065135 | G355: =AVERAGE(F356) -> 0.020699678 | H355: 0 | I355: 0.091666309 | J355: =INTERCEPT($G$168:G354,$I$168:I354) -> -0.006863357 | K355: =SLOPE($G$168:G354,$I$168:I354) -> 0.045614097 | L355: =J355+K355*I355 -> -0.0026820811 | M355: =AVERAGE($G$168:G354) -> 1.68542e-05 | N355: =(L355-G355)^2 -> 0.00054670665 | O355: =(M355-G355)^2 -> 0.0004277792 | P355: =1-AVERAGE($N$348:N355)/AVERAGE($O$348:O355) -> -0.082235071 | Q355: =O355-N355+(M355-L355)^2 -> -0.00011164321
A356: 29494 | B356: 125.46 | C356: 6.07 | D356: =LN((B356+C356/12)/B355) -> 0.028879763 | E356: 0.0081800854 | F356: =D356-E356 -> 0.020699678 | G356: =AVERAGE(F357) -> 0.010671086 | H356: 0 | I356: 0.12625903 | J356: =INTERCEPT($G$168:G355,$I$168:I355) -> -0.0065858709 | K356: =SLOPE($G$168:G355,$I$168:I355) -> 0.04459686 | L356: =J356+K356*I356 -> -0.00095511447 | M356: =AVERAGE($G$168:G355) -> 0.00012686922 | N356: =(L356-G356)^2 -> 0.00013516853 | O356: =(M356-G356)^2 -> 0.0001111805 | P356: =1-AVERAGE($N$348:N356)/AVERAGE($O$348:O356) -> -0.082934107 | Q356: =O356-N356+(M356-L356)^2 -> -2.2817341e-05
A357: 29525 | B357: 127.47 | C357: 6.1 | D357: =LN((B357+C357/12)/B356) -> 0.019874013 | E357: 0.0092029272 | F357: =D357-E357 -> 0.010671086 | G357: =AVERAGE(F358) -> 0.090318421 | H357: 0 | I357: 0.18303376 | J357: =INTERCEPT($G$168:G356,$I$168:I356) -> -0.0064931781 | K357: =SLOPE($G$168:G356,$I$168:I356) -> 0.044389545 | L357: =J357+K357*I357 -> 0.0016316073 | M357: =AVERAGE($G$168:G356) -> 0.00018265873 | N357: =(L357-G357)^2 -> 0.0078653509 | O357: =(M357-G357)^2 -> 0.0081244556 | P357: =1-AVERAGE($N$348:N357)/AVERAGE($O$348:O357) -> -0.051160653 | Q357: =O357-N357+(M357-L357)^2 -> 0.00026120416
A358: 29555 | B358: 140.52 | C358: 6.13 | D358: =LN((B358+C358/12)/B357) -> 0.10109752 | E358: 0.0107791 | F358: =D358-E358 -> 0.090318421 | G358: =AVERAGE(F359) -> -0.042760675 | H358: 0 | I358: 0.3687627 | J358: =INTERCEPT($G$168:G357,$I$168:I357) -> -0.0063465163 | K358: =SLOPE($G$168:G357,$I$168:I357) -> 0.046515625 | L358: =J358+K358*I358 -> 0.010806711 | M358: =AVERAGE($G$168:G357) -> 0.00065705747 | N358: =(L358-G358)^2 -> 0.0028694648 | O358: =(M358-G358)^2 -> 0.0018850995 | P358: =1-AVERAGE($N$348:N358)/AVERAGE($O$348:O358) -> -0.079577753 | Q358: =O358-N358+(M358-L358)^2 -> -0.00088134989
A359: 29586 | B359: 135.75999 | C359: 6.16 | D359: =LN((B359+C359/12)/B358) -> -0.030687225 | E359: 0.012073449 | F359: =D359-E359 -> -0.042760675 | G359: =AVERAGE(F360) -> -0.054570996 | H359: 0 | I359: 0.58078283 | J359: =INTERCEPT($G$168:G358,$I$168:I358) -> -0.0053686567 | K359: =SLOPE($G$168:G358,$I$168:I358) -> 0.038221197 | L359: =J359+K359*I359 -> 0.016829558 | M359: =AVERAGE($G$168:G358) -> 0.0004297395 | N359: =(L359-G359)^2 -> 0.005098039 | O359: =(M359-G359)^2 -> 0.0030250809 | P359: =1-AVERAGE($N$348:N359)/AVERAGE($O$348:O359) -> -0.13304049 | Q359: =O359-N359+(M359-L359)^2 -> -0.0018040041
... A901: 46081 | B901: 6878.8799 | C901: 79.7 | D901: =LN((B901+C901/12)/B900) -> -0.0077410835 | E901: 0.0029516094 | F901: =D901-E901 -> -0.010692693 | G901: =AVERAGE(F902) -> -0.054217272 | H901: 0 | I901: 0.14823155 | J901: =INTERCEPT($G$168:G900,$I$168:I900) -> 0.0039335697 | K901: =SLOPE($G$168:G900,$I$168:I900) -> 0.0048506474 | L901: =J901+K901*I901 -> 0.0046525887 | M901: =AVERAGE($G$168:G900) -> 0.0046203535 | N901: =(L901-G901)^2 -> 0.0034656604 | O901: =(M901-G901)^2 -> 0.0034618661 | P901: =1-AVERAGE($N$348:N901)/AVERAGE($O$348:O901) -> -0.0057688424 | Q901: =O901-N901+(M901-L901)^2 -> -3.7932933e-06
A902: 46112 | B902: 6528.52 | C902: 79.79 | D902: =LN((B902+C902/12)/B901) -> -0.051257595 | E902: 0.0029596766 | F902: =D902-E902 -> -0.054217272 | H902: 0 | I902: 0.14553828 | J902: =INTERCEPT($G$168:G901,$I$168:I901) -> 0.0038708522 | K902: =SLOPE($G$168:G901,$I$168:I901) -> 0.00472715 | L902: =J902+K902*I902 -> 0.0045588335 | M902: =AVERAGE($G$168:G901) -> 0.0045401932
A905: M&S-Fenster (1980-01 bis 2019-12) - Replikation | I905: Full-Fenster (1980-01 bis 2026-03) - Sample-Erweiterung
A906: Spec | B906: M1 | I906: Spec | J906: M1
A907: Horizont h | B907: 1 | I907: Horizont h | J907: 1
A908: OOS-Start | B908: 1980-01 | I908: OOS-Start | J908: 1980-01
A909: OOS-Ende | B909: 2019-12 | I909: OOS-Ende | J909: letzter Monat mit realisiertem Y
A910: n Forecast-Monate | B910: =COUNT(Q348:Q827) -> 480 | I910: n Forecast-Monate | J910: =COUNT(Q348:Q901) -> 554
A912: R²_OS (Campbell-Thompson) | B912: =1-AVERAGE(N348:N827)/AVERAGE(O348:O827) -> -0.0069176823 | I912: R²_OS (Campbell-Thompson) | J912: =1-AVERAGE(N348:N901)/AVERAGE(O348:O901) -> -0.0057688424
A914: Clark-West-Test (Newey-West HAC, Bartlett-Kernel, L = h = 1) | I914: Clark-West-Test (Newey-West HAC, Bartlett-Kernel, L = h = 1)
A915: f-quer (Mittelwert) | B915: =AVERAGE(Q348:Q827) -> -1.0408527e-05 | I915: f-quer (Mittelwert) | J915: =AVERAGE(Q348:Q901) -> -9.0281664e-06
A916: n | B916: =COUNT(Q348:Q827) -> 480 | I916: n | J916: =COUNT(Q348:Q901) -> 554
A917: HAC-Lag L (= h) | B917: 1 | I917: HAC-Lag L (= h) | J917: 1
A918: gamma_0 (Varianz) | B918: =SUMPRODUCT((Q348:Q827-$B$915)^2)/$B$916 -> 2.7048832e-08 | I918: gamma_0 (Varianz) | J918: =SUMPRODUCT((Q348:Q901-$J$915)^2)/$J$916 -> 2.3453273e-08
A919: NW LRV | B919: =$B$918+2*SUM(G927) -> 2.8317024e-08 | I919: NW LRV | J919: =$J$918+2*SUM(O927) -> 2.4563633e-08
A920: HAC SE | B920: =SQRT($B$919/$B$916) -> 7.6807422e-06 | I920: HAC SE | J920: =SQRT($J$919/$J$916) -> 6.6587302e-06
A921: z-Statistik | B921: =$B$915/$B$920 -> -1.3551459 | I921: z-Statistik | J921: =$J$915/$J$920 -> -1.3558391
A922: p-Wert (einseitig) | B922: =1-_xlfn.NORM.S.DIST($B$921,TRUE) -> 0.91231447 | I922: p-Wert (einseitig) | J922: =1-_xlfn.NORM.S.DIST($J$921,TRUE) -> 0.91242481
A923: Signifikanz | B923: =IF($B$921>2.326,"*** (1%)",IF($B$921>1.645,"** (5%)",IF($B$921>1.282,"* (10%)","n.s."))) -> n.s. | I923: Signifikanz | J923: =IF($J$921>2.326,"*** (1%)",IF($J$921>1.645,"** (5%)",IF($J$921>1.282,"* (10%)","n.s."))) -> n.s.
D926: k | E926: w_k (Bartlett) | F926: gamma_k | G926: w_k * gamma_k | L926: k | M926: w_k (Bartlett) | N926: gamma_k | O926: w_k * gamma_k
D927: 1 | E927: =1-D927/($B$917+1) -> 0.5 | F927: =SUMPRODUCT((OFFSET($Q$348,0,0,$B$916-D927,1)-$B$915)*(OFFSET($Q$348,D927,0,$B$916-D927,1)-$B$915))/$B$916 -> 1.2681922e-09 | G927: =E927*F927 -> 6.3409611e-10 | L927: 1 | M927: =1-L927/($J$917+1) -> 0.5 | N927: =SUMPRODUCT((OFFSET($Q$348,0,0,$J$916-L927,1)-$J$915)*(OFFSET($Q$348,L927,0,$J$916-L927,1)-$J$915))/$J$916 -> 1.1103597e-09 | O927: =M927*N927 -> 5.5517986e-10

Sheet M2_h1
A1: date | B1: sp500_price | C1: D_12m | D1: sp500_log_total_return | E1: rfree | F1: log_equity_prem | G1: fwd_avg_log_eqprem (Y) | H1: usrec | I1: p_M2_h1 | J1: alpha | K1: beta | L1: forecast | M1: benchmark | N1: se_model | O1: se_benchmark | P1: rolling_R2_OS | Q1: clark_west_f
A2: 18718 | B2: 21.48 | C2: 1.52 | E2: 0.0011592468 | G2: =AVERAGE(F3) -> 0.047740849 | H2: 0
A3: 18748 | B3: 22.43 | C3: 1.53333 | D3: =LN((B3+C3/12)/B2) -> 0.048957672 | E3: 0.0012168233 | F3: =D3-E3 -> 0.047740849 | G3: =AVERAGE(F4) -> -0.036727777 | H3: 0
A4: 18779 | B4: 21.52 | C4: 1.54667 | D4: =LN((B4+C4/12)/B3) -> -0.035445197 | E4: 0.0012825803 | F4: =D4-E4 -> -0.036727777 | G4: =AVERAGE(F5) -> -0.021384182 | H4: 0
A5: 18809 | B5: 20.959999 | C5: 1.56 | D5: =LN((B5+C5/12)/B4) -> -0.020183805 | E5: 0.0012003766 | F5: =D5-E5 -> -0.021384182 | G5: =AVERAGE(F6) -> 0.070891819 | H5: 0
A6: 18840 | B6: 22.4 | C6: 1.54667 | D6: =LN((B6+C6/12)/B5) -> 0.072182616 | E6: 0.0012907966 | F6: =D6-E6 -> 0.070891819 | G6: =AVERAGE(F7) -> 0.042667348 | H6: 0
A7: 18871 | B7: 23.280001 | C7: 1.53333 | D7: =LN((B7+C7/12)/B6) -> 0.044007426 | E7: 0.0013400788 | F7: =D7-E7 -> 0.042667348 | G7: =AVERAGE(F8) -> 0.0032231269 | H7: 0
A8: 18901 | B8: 23.26 | C8: 1.52 | D8: =LN((B8+C8/12)/B7) -> 0.0045714168 | E8: 0.0013482899 | F8: =D8-E8 -> 0.0032231269 | G8: =AVERAGE(F9) -> -0.0097534102 | H8: 0
A9: 18932 | B9: 22.940001 | C9: 1.48333 | D9: =LN((B9+C9/12)/B8) -> -0.0084790469 | E9: 0.0012743633 | F9: =D9-E9 -> -0.0097534102 | G9: =AVERAGE(F10) -> 0.0013454142 | H9: 0
A10: 18962 | B10: 22.879999 | C10: 1.44667 | D10: =LN((B10+C10/12)/B9) -> 0.0026362108 | E10: 0.0012907966 | F10: =D10-E10 -> 0.0013454142 | G10: =AVERAGE(F11) -> 0.041661839 | H10: 0
A11: 18993 | B11: 23.77 | C11: 1.41 | D11: =LN((B11+C11/12)/B10) -> 0.043092199 | E11: 0.0014303602 | F11: =D11-E11 -> 0.041661839 | G11: =AVERAGE(F12) -> 0.01901395 | H11: 0
A12: 19024 | B12: 24.139999 | C12: 1.41333 | D12: =LN((B12+C12/12)/B11) -> 0.020312962 | E12: 0.0012990121 | F12: =D12-E12 -> 0.01901395 | G12: =AVERAGE(F13) -> -0.033346746 | H12: 0
A13: 19053 | B13: 23.26 | C13: 1.41667 | D13: =LN((B13+C13/12)/B12) -> -0.032072383 | E13: 0.0012743633 | F13: =D13-E13 -> -0.033346746 | G13: =AVERAGE(F14) -> 0.05014625 | H13: 0
A14: 19084 | B14: 24.370001 | C14: 1.42 | D14: =LN((B14+C14/12)/B13) -> 0.051461691 | E14: 0.001315441 | F14: =D14-E14 -> 0.05014625 | G14: =AVERAGE(F15) -> -0.040243515 | H14: 0
... A167: 23742 | B167: 84.75 | C167: 2.5 | D167: =LN((B167+C167/12)/B166) -> 0.0063566216 | E167: 0.0031450242 | F167: =D167-E167 -> 0.0032115974 | G167: =AVERAGE(F168) -> 0.031889951 | H167: 0
A168: 23773 | B168: 87.559998 | C168: 2.51667 | D168: =LN((B168+C168/12)/B167) -> 0.035010821 | E168: 0.0031208697 | F168: =D168-E168 -> 0.031889951 | G168: =AVERAGE(F169) -> -0.0022915007 | H168: 0 | I168: 0.16103344
A169: 23801 | B169: 87.43 | C169: 2.53333 | D169: =LN((B169+C169/12)/B168) -> 0.00092594832 | E169: 0.003217449 | F169: =D169-E169 -> -0.0022915007 | G169: =AVERAGE(F170) -> -0.015386545 | H169: 0 | I169: 0.1510061
A170: 23832 | B170: 86.160004 | C170: 2.55 | D170: =LN((B170+C170/12)/B169) -> -0.012169096 | E170: 0.003217449 | F170: =D170-E170 -> -0.015386545 | G170: =AVERAGE(F171) -> 0.032848557 | H170: 0 | I170: 0.16436808
A171: 23862 | B171: 89.110001 | C171: 2.57 | D171: =LN((B171+C171/12)/B170) -> 0.036066006 | E171: 0.003217449 | F171: =D171-E171 -> 0.032848557 | G171: =AVERAGE(F172) -> -0.0085206412 | H171: 0 | I171: 0.17832776
A172: 23893 | B172: 88.419998 | C172: 2.59 | D172: =LN((B172+C172/12)/B171) -> -0.0053353739 | E172: 0.0031852673 | F172: =D172-E172 -> -0.0085206412 | G172: =AVERAGE(F173) -> -0.050384346 | H172: 0 | I172: 0.21061991
A173: 23923 | B173: 84.120003 | C173: 2.61 | D173: =LN((B173+C173/12)/B172) -> -0.047271529 | E173: 0.0031128168 | F173: =D173-E173 -> -0.050384346 | G173: =AVERAGE(F174) -> 0.012763033 | H173: 0 | I173: 0.3201656
A174: 23954 | B174: 85.25 | C174: 2.62667 | D174: =LN((B174+C174/12)/B173) -> 0.015908057 | E174: 0.0031450242 | F174: =D174-E174 -> 0.012763033 | G174: =AVERAGE(F175) -> 0.021650874 | H174: 0 | I174: 0.30089043
A175: 23985 | B175: 87.169998 | C175: 2.64333 | D175: =LN((B175+C175/12)/B174) -> 0.024795898 | E175: 0.0031450242 | F175: =D175-E175 -> 0.021650874 | G175: =AVERAGE(F176) -> 0.030756526 | H175: 0 | I175: 0.36305608
A176: 24015 | B176: 89.959999 | C176: 2.66 | D176: =LN((B176+C176/12)/B175) -> 0.03396593 | E176: 0.0032094047 | F176: =D176-E176 -> 0.030756526 | G176: =AVERAGE(F177) -> 0.026094004 | H176: 0 | I176: 0.36527601
A177: 24046 | B177: 92.419998 | C177: 2.68 | D177: =LN((B177+C177/12)/B176) -> 0.029391858 | E177: 0.0032978538 | F177: =D177-E177 -> 0.026094004 | G177: =AVERAGE(F178) -> -0.009695953 | H177: 0 | I177: 0.33608673
A178: 24076 | B178: 91.610001 | C178: 2.7 | D178: =LN((B178+C178/12)/B177) -> -0.0063498904 | E178: 0.0033460626 | F178: =D178-E178 -> -0.009695953 | G178: =AVERAGE(F179) -> 0.0077817528 | H178: 0 | I178: 0.31253513
A179: 24107 | B179: 92.43 | C179: 2.72 | D179: =LN((B179+C179/12)/B178) -> 0.011360466 | E179: 0.0035787134 | F179: =D179-E179 -> 0.0077817528 | G179: =AVERAGE(F180) -> 0.0035652406 | H179: 0 | I179: 0.22091896
... A347: 29220 | B347: 107.94 | C347: 5.65 | D347: =LN((B347+C347/12)/B346) -> 0.020980621 | E347: 0.0095188323 | F347: =D347-E347 -> 0.011461788 | G347: =AVERAGE(F348) -> 0.050688867 | H347: 0 | I347: 0.27387213
A348: 29251 | B348: 114.16 | C348: 5.7 | D348: =LN((B348+C348/12)/B347) -> 0.06017766 | E348: 0.0094887929 | F348: =D348-E348 -> 0.050688867 | G348: =AVERAGE(F349) -> -0.010314992 | H348: 0 | I348: 0.38563971 | J348: =INTERCEPT($G$168:G347,$I$168:I347) -> -0.0020561242 | K348: =SLOPE($G$168:G347,$I$168:I347) -> 0.0091917215 | L348: =J348+K348*I348 -> 0.0014885687 | M348: =AVERAGE($G$168:G347) -> -0.00021130952 | N348: =(L348-G348)^2 -> 0.00013932405 | O348: =(M348-G348)^2 -> 0.00010208441 | P348: =1-AVERAGE($N$348:N348)/AVERAGE($O$348:O348) -> -0.3647927 | Q348: =O348-N348+(M348-L348)^2 -> -3.435006e-05
A349: 29280 | B349: 113.66 | C349: 5.75 | D349: =LN((B349+C349/12)/B348) -> -0.00018250906 | E349: 0.010132483 | F349: =D349-E349 -> -0.010314992 | G349: =AVERAGE(F350) -> -0.11449504 | H349: 1 | I349: 0.44390198 | J349: =INTERCEPT($G$168:G348,$I$168:I348) -> -0.0020733691 | K349: =SLOPE($G$168:G348,$I$168:I348) -> 0.0089539328 | L349: =J349+K349*I349 -> 0.0019012994 | M349: =AVERAGE($G$168:G348) -> -0.00026713098 | N349: =(L349-G349)^2 -> 0.013548108 | O349: =(M349-G349)^2 -> 0.013048015 | P349: =1-AVERAGE($N$348:N349)/AVERAGE($O$348:O349) -> -0.040861461 | Q349: =O349-N349+(M349-L349)^2 -> -0.00049539054
A350: 29311 | B350: 102.09 | C350: 5.8 | D350: =LN((B350+C350/12)/B349) -> -0.10263361 | E350: 0.011861426 | F350: =D350-E350 -> -0.11449504 | G350: =AVERAGE(F351) -> 0.034504172 | H350: 1 | I350: 0.48943814 | J350: =INTERCEPT($G$168:G349,$I$168:I349) -> -0.002093337 | K350: =SLOPE($G$168:G349,$I$168:I349) -> 0.0059026983 | L350: =J350+K350*I350 -> 0.00079566867 | M350: =AVERAGE($G$168:G349) -> -0.00089475685 | N350: =(L350-G350)^2 -> 0.0011362632 | O350: =(M350-G350)^2 -> 0.0012530842 | P350: =1-AVERAGE($N$348:N350)/AVERAGE($O$348:O350) -> -0.029195719 | Q350: =O350-N350+(M350-L350)^2 -> 0.00011967851
A351: 29341 | B351: 106.29 | C351: 5.84667 | D351: =LN((B351+C351/12)/B350) -> 0.044889899 | E351: 0.010385726 | F351: =D351-E351 -> 0.034504172 | G351: =AVERAGE(F352) -> 0.043040618 | H351: 1 | I351: 0.70092265 | J351: =INTERCEPT($G$168:G350,$I$168:I350) -> -0.0021210784 | K351: =SLOPE($G$168:G350,$I$168:I350) -> 0.00693847 | L351: =J351+K351*I351 -> 0.0027422523 | M351: =AVERAGE($G$168:G350) -> -0.00070132007 | N351: =(L351-G351)^2 -> 0.0016239583 | O351: =(M351-G351)^2 -> 0.0019133571 | P351: =1-AVERAGE($N$348:N351)/AVERAGE($O$348:O351) -> -0.0080355535 | Q351: =O351-N351+(M351-L351)^2 -> 0.00030125706
A352: 29372 | B352: 111.24 | C352: 5.89333 | D352: =LN((B352+C352/12)/B351) -> 0.049923953 | E352: 0.0068833355 | F352: =D352-E352 -> 0.043040618 | G352: =AVERAGE(F353) -> 0.025226138 | H352: 1 | I352: 0.98491923 | J352: =INTERCEPT($G$168:G351,$I$168:I351) -> -0.0023355108 | K352: =SLOPE($G$168:G351,$I$168:I351) -> 0.009029191 | L352: =J352+K352*I352 -> 0.006557513 | M352: =AVERAGE($G$168:G351) -> -0.00046359215 | N352: =(L352-G352)^2 -> 0.00034851757 | O352: =(M352-G352)^2 -> 0.00065996225 | P352: =1-AVERAGE($N$348:N352)/AVERAGE($O$348:O352) -> 0.010622461 | Q352: =O352-N352+(M352-L352)^2 -> 0.0003607406
A353: 29402 | B353: 114.24 | C353: 5.94 | D353: =LN((B353+C353/12)/B352) -> 0.030935093 | E353: 0.0057089543 | F353: =D353-E353 -> 0.025226138 | G353: =AVERAGE(F354) -> 0.060620039 | H353: 1 | I353: 0.99729629 | J353: =INTERCEPT($G$168:G352,$I$168:I352) -> -0.0025365116 | K353: =SLOPE($G$168:G352,$I$168:I352) -> 0.010456525 | L353: =J353+K353*I353 -> 0.0078917422 | M353: =AVERAGE($G$168:G352) -> -0.00032472874 | N353: =(L353-G353)^2 -> 0.0027802733 | O353: =(M353-G353)^2 -> 0.0037142648 | P353: =1-AVERAGE($N$348:N353)/AVERAGE($O$348:O353) -> 0.053856081 | Q353: =O353-N353+(M353-L353)^2 -> 0.0010015018
A354: 29433 | B354: 121.67 | C354: 5.98333 | D354: =LN((B354+C354/12)/B353) -> 0.067100652 | E354: 0.0064806124 | F354: =D354-E354 -> 0.060620039 | G354: =AVERAGE(F355) -> 0.0026065135 | H354: 1 | I354: 0.92326072 | J354: =INTERCEPT($G$168:G353,$I$168:I353) -> -0.0030816503 | K354: =SLOPE($G$168:G353,$I$168:I353) -> 0.014297258 | L354: =J354+K354*I354 -> 0.010118447 | M354: =AVERAGE($G$168:G353) -> 2.9313007e-06 | N354: =(L354-G354)^2 -> 5.6429137e-05 | O354: =(M354-G354)^2 -> 6.7786405e-06 | P354: =1-AVERAGE($N$348:N354)/AVERAGE($O$348:O354) -> 0.051439584 | Q354: =O354-N354+(M354-L354)^2 -> 5.2673152e-05
A355: 29464 | B355: 122.38 | C355: 6.02667 | D355: =LN((B355+C355/12)/B354) -> 0.0099138869 | E355: 0.0073073733 | F355: =D355-E355 -> 0.0026065135 | G355: =AVERAGE(F356) -> 0.020699678 | H355: 0 | I355: 0.93022635 | J355: =INTERCEPT($G$168:G354,$I$168:I354) -> -0.0030184578 | K355: =SLOPE($G$168:G354,$I$168:I354) -> 0.013826419 | L355: =J355+K355*I355 -> 0.0098432415 | M355: =AVERAGE($G$168:G354) -> 1.68542e-05 | N355: =(L355-G355)^2 -> 0.00011786221 | O355: =(M355-G355)^2 -> 0.0004277792 | P355: =1-AVERAGE($N$348:N355)/AVERAGE($O$348:O355) -> 0.065068354 | Q355: =O355-N355+(M355-L355)^2 -> 0.00040647487
A356: 29494 | B356: 125.46 | C356: 6.07 | D356: =LN((B356+C356/12)/B355) -> 0.028879763 | E356: 0.0081800854 | F356: =D356-E356 -> 0.020699678 | G356: =AVERAGE(F357) -> 0.010671086 | H356: 0 | I356: 0.99971518 | J356: =INTERCEPT($G$168:G355,$I$168:I355) -> -0.0031068164 | K356: =SLOPE($G$168:G355,$I$168:I355) -> 0.014480691 | L356: =J356+K356*I356 -> 0.01136975 | M356: =AVERAGE($G$168:G355) -> 0.00012686922 | N356: =(L356-G356)^2 -> 4.8813184e-07 | O356: =(M356-G356)^2 -> 0.0001111805 | P356: =1-AVERAGE($N$348:N356)/AVERAGE($O$348:O356) -> 0.069940061 | Q356: =O356-N356+(M356-L356)^2 -> 0.00023709474
A357: 29525 | B357: 127.47 | C357: 6.1 | D357: =LN((B357+C357/12)/B356) -> 0.019874013 | E357: 0.0092029272 | F357: =D357-E357 -> 0.010671086 | G357: =AVERAGE(F358) -> 0.090318421 | H357: 0 | I357: 0.99697417 | J357: =INTERCEPT($G$168:G356,$I$168:I356) -> -0.0031005606 | K357: =SLOPE($G$168:G356,$I$168:I356) -> 0.014436928 | L357: =J357+K357*I357 -> 0.011292684 | M357: =AVERAGE($G$168:G356) -> 0.00018265873 | N357: =(L357-G357)^2 -> 0.0062450671 | O357: =(M357-G357)^2 -> 0.0081244556 | P357: =1-AVERAGE($N$348:N357)/AVERAGE($O$348:O357) -> 0.11459676 | Q357: =O357-N357+(M357-L357)^2 -> 0.0020028212
A358: 29555 | B358: 140.52 | C358: 6.13 | D358: =LN((B358+C358/12)/B357) -> 0.10109752 | E358: 0.0107791 | F358: =D358-E358 -> 0.090318421 | G358: =AVERAGE(F359) -> -0.042760675 | H358: 0 | I358: 0.0016295162 | J358: =INTERCEPT($G$168:G357,$I$168:I357) -> -0.0037685386 | K358: =SLOPE($G$168:G357,$I$168:I357) -> 0.019119653 | L358: =J358+K358*I358 -> -0.0037373829 | M358: =AVERAGE($G$168:G357) -> 0.00065705747 | N358: =(L358-G358)^2 -> 0.0015228173 | O358: =(M358-G358)^2 -> 0.0018850995 | P358: =1-AVERAGE($N$348:N358)/AVERAGE($O$348:O358) -> 0.11927754 | Q358: =O358-N358+(M358-L358)^2 -> 0.00038159327
A359: 29586 | B359: 135.75999 | C359: 6.16 | D359: =LN((B359+C359/12)/B358) -> -0.030687225 | E359: 0.012073449 | F359: =D359-E359 -> -0.042760675 | G359: =AVERAGE(F360) -> -0.054570996 | H359: 0 | I359: 3.0767045e-07 | J359: =INTERCEPT($G$168:G358,$I$168:I358) -> -0.0041312342 | K359: =SLOPE($G$168:G358,$I$168:I358) -> 0.019807491 | L359: =J359+K359*I359 -> -0.0041312281 | M359: =AVERAGE($G$168:G358) -> 0.0004297395 | N359: =(L359-G359)^2 -> 0.0025441702 | O359: =(M359-G359)^2 -> 0.0030250809 | P359: =1-AVERAGE($N$348:N359)/AVERAGE($O$348:O359) -> 0.12278155 | Q359: =O359-N359+(M359-L359)^2 -> 0.00050171314
... A901: 46081 | B901: 6878.8799 | C901: 79.7 | D901: =LN((B901+C901/12)/B900) -> -0.0077410835 | E901: 0.0029516094 | F901: =D901-E901 -> -0.010692693 | G901: =AVERAGE(F902) -> -0.054217272 | H901: 0 | I901: 0.23233932 | J901: =INTERCEPT($G$168:G900,$I$168:I900) -> 0.0055289431 | K901: =SLOPE($G$168:G900,$I$168:I900) -> -0.0063963098 | L901: =J901+K901*I901 -> 0.0040428288 | M901: =AVERAGE($G$168:G900) -> 0.0046203535 | N901: =(L901-G901)^2 -> 0.0033942393 | O901: =(M901-G901)^2 -> 0.0034618661 | P901: =1-AVERAGE($N$348:N901)/AVERAGE($O$348:O901) -> -0.0017577206 | Q901: =O901-N901+(M901-L901)^2 -> 6.796036e-05
A902: 46112 | B902: 6528.52 | C902: 79.79 | D902: =LN((B902+C902/12)/B901) -> -0.051257595 | E902: 0.0029596766 | F902: =D902-E902 -> -0.054217272 | H902: 0 | I902: 0.23257207 | J902: =INTERCEPT($G$168:G901,$I$168:I901) -> 0.0054760653 | K902: =SLOPE($G$168:G901,$I$168:I901) -> -0.0065826733 | L902: =J902+K902*I902 -> 0.0039451194 | M902: =AVERAGE($G$168:G901) -> 0.0045401932
A905: M&S-Fenster (1980-01 bis 2019-12) - Replikation | I905: Full-Fenster (1980-01 bis 2026-03) - Sample-Erweiterung
A906: Spec | B906: M2 | I906: Spec | J906: M2
A907: Horizont h | B907: 1 | I907: Horizont h | J907: 1
A908: OOS-Start | B908: 1980-01 | I908: OOS-Start | J908: 1980-01
A909: OOS-Ende | B909: 2019-12 | I909: OOS-Ende | J909: letzter Monat mit realisiertem Y
A910: n Forecast-Monate | B910: =COUNT(Q348:Q827) -> 480 | I910: n Forecast-Monate | J910: =COUNT(Q348:Q901) -> 554
A912: R²_OS (Campbell-Thompson) | B912: =1-AVERAGE(N348:N827)/AVERAGE(O348:O827) -> -0.00077622179 | I912: R²_OS (Campbell-Thompson) | J912: =1-AVERAGE(N348:N901)/AVERAGE(O348:O901) -> -0.0017577206
A914: Clark-West-Test (Newey-West HAC, Bartlett-Kernel, L = h = 1) | I914: Clark-West-Test (Newey-West HAC, Bartlett-Kernel, L = h = 1)
A915: f-quer (Mittelwert) | B915: =AVERAGE(Q348:Q827) -> 2.1817898e-06 | I915: f-quer (Mittelwert) | J915: =AVERAGE(Q348:Q901) -> -6.7615911e-08
A916: n | B916: =COUNT(Q348:Q827) -> 480 | I916: n | J916: =COUNT(Q348:Q901) -> 554
A917: HAC-Lag L (= h) | B917: 1 | I917: HAC-Lag L (= h) | J917: 1
A918: gamma_0 (Varianz) | B918: =SUMPRODUCT((Q348:Q827-$B$915)^2)/$B$916 -> 3.1407024e-08 | I918: gamma_0 (Varianz) | J918: =SUMPRODUCT((Q348:Q901-$J$915)^2)/$J$916 -> 2.9804889e-08
A919: NW LRV | B919: =$B$918+2*SUM(G927) -> 4.2358692e-08 | I919: NW LRV | J919: =$J$918+2*SUM(O927) -> 3.9341253e-08
A920: HAC SE | B920: =SQRT($B$919/$B$916) -> 9.3940021e-06 | I920: HAC SE | J920: =SQRT($J$919/$J$916) -> 8.4269266e-06
A921: z-Statistik | B921: =$B$915/$B$920 -> 0.2322535 | I921: z-Statistik | J921: =$J$915/$J$920 -> -0.0080237925
A922: p-Wert (einseitig) | B922: =1-_xlfn.NORM.S.DIST($B$921,TRUE) -> 0.40817056 | I922: p-Wert (einseitig) | J922: =1-_xlfn.NORM.S.DIST($J$921,TRUE) -> 0.503201
A923: Signifikanz | B923: =IF($B$921>2.326,"*** (1%)",IF($B$921>1.645,"** (5%)",IF($B$921>1.282,"* (10%)","n.s."))) -> n.s. | I923: Signifikanz | J923: =IF($J$921>2.326,"*** (1%)",IF($J$921>1.645,"** (5%)",IF($J$921>1.282,"* (10%)","n.s."))) -> n.s.
D926: k | E926: w_k (Bartlett) | F926: gamma_k | G926: w_k * gamma_k | L926: k | M926: w_k (Bartlett) | N926: gamma_k | O926: w_k * gamma_k
D927: 1 | E927: =1-D927/($B$917+1) -> 0.5 | F927: =SUMPRODUCT((OFFSET($Q$348,0,0,$B$916-D927,1)-$B$915)*(OFFSET($Q$348,D927,0,$B$916-D927,1)-$B$915))/$B$916 -> 1.0951667e-08 | G927: =E927*F927 -> 5.4758337e-09 | L927: 1 | M927: =1-L927/($J$917+1) -> 0.5 | N927: =SUMPRODUCT((OFFSET($Q$348,0,0,$J$916-L927,1)-$J$915)*(OFFSET($Q$348,L927,0,$J$916-L927,1)-$J$915))/$J$916 -> 9.5363644e-09 | O927: =M927*N927 -> 4.7681822e-09

Sheet M3_h1
A1: date | B1: sp500_price | C1: D_12m | D1: sp500_log_total_return | E1: rfree | F1: log_equity_prem | G1: fwd_avg_log_eqprem (Y) | H1: usrec | I1: p_M3_h1 | J1: alpha | K1: beta | L1: forecast | M1: benchmark | N1: se_model | O1: se_benchmark | P1: rolling_R2_OS | Q1: clark_west_f
A2: 18718 | B2: 21.48 | C2: 1.52 | E2: 0.0011592468 | G2: =AVERAGE(F3) -> 0.047740849 | H2: 0
A3: 18748 | B3: 22.43 | C3: 1.53333 | D3: =LN((B3+C3/12)/B2) -> 0.048957672 | E3: 0.0012168233 | F3: =D3-E3 -> 0.047740849 | G3: =AVERAGE(F4) -> -0.036727777 | H3: 0
A4: 18779 | B4: 21.52 | C4: 1.54667 | D4: =LN((B4+C4/12)/B3) -> -0.035445197 | E4: 0.0012825803 | F4: =D4-E4 -> -0.036727777 | G4: =AVERAGE(F5) -> -0.021384182 | H4: 0
A5: 18809 | B5: 20.959999 | C5: 1.56 | D5: =LN((B5+C5/12)/B4) -> -0.020183805 | E5: 0.0012003766 | F5: =D5-E5 -> -0.021384182 | G5: =AVERAGE(F6) -> 0.070891819 | H5: 0
A6: 18840 | B6: 22.4 | C6: 1.54667 | D6: =LN((B6+C6/12)/B5) -> 0.072182616 | E6: 0.0012907966 | F6: =D6-E6 -> 0.070891819 | G6: =AVERAGE(F7) -> 0.042667348 | H6: 0
A7: 18871 | B7: 23.280001 | C7: 1.53333 | D7: =LN((B7+C7/12)/B6) -> 0.044007426 | E7: 0.0013400788 | F7: =D7-E7 -> 0.042667348 | G7: =AVERAGE(F8) -> 0.0032231269 | H7: 0
A8: 18901 | B8: 23.26 | C8: 1.52 | D8: =LN((B8+C8/12)/B7) -> 0.0045714168 | E8: 0.0013482899 | F8: =D8-E8 -> 0.0032231269 | G8: =AVERAGE(F9) -> -0.0097534102 | H8: 0
A9: 18932 | B9: 22.940001 | C9: 1.48333 | D9: =LN((B9+C9/12)/B8) -> -0.0084790469 | E9: 0.0012743633 | F9: =D9-E9 -> -0.0097534102 | G9: =AVERAGE(F10) -> 0.0013454142 | H9: 0
A10: 18962 | B10: 22.879999 | C10: 1.44667 | D10: =LN((B10+C10/12)/B9) -> 0.0026362108 | E10: 0.0012907966 | F10: =D10-E10 -> 0.0013454142 | G10: =AVERAGE(F11) -> 0.041661839 | H10: 0
A11: 18993 | B11: 23.77 | C11: 1.41 | D11: =LN((B11+C11/12)/B10) -> 0.043092199 | E11: 0.0014303602 | F11: =D11-E11 -> 0.041661839 | G11: =AVERAGE(F12) -> 0.01901395 | H11: 0
A12: 19024 | B12: 24.139999 | C12: 1.41333 | D12: =LN((B12+C12/12)/B11) -> 0.020312962 | E12: 0.0012990121 | F12: =D12-E12 -> 0.01901395 | G12: =AVERAGE(F13) -> -0.033346746 | H12: 0
A13: 19053 | B13: 23.26 | C13: 1.41667 | D13: =LN((B13+C13/12)/B12) -> -0.032072383 | E13: 0.0012743633 | F13: =D13-E13 -> -0.033346746 | G13: =AVERAGE(F14) -> 0.05014625 | H13: 0
A14: 19084 | B14: 24.370001 | C14: 1.42 | D14: =LN((B14+C14/12)/B13) -> 0.051461691 | E14: 0.001315441 | F14: =D14-E14 -> 0.05014625 | G14: =AVERAGE(F15) -> -0.040243515 | H14: 0
... A167: 23742 | B167: 84.75 | C167: 2.5 | D167: =LN((B167+C167/12)/B166) -> 0.0063566216 | E167: 0.0031450242 | F167: =D167-E167 -> 0.0032115974 | G167: =AVERAGE(F168) -> 0.031889951 | H167: 0
A168: 23773 | B168: 87.559998 | C168: 2.51667 | D168: =LN((B168+C168/12)/B167) -> 0.035010821 | E168: 0.0031208697 | F168: =D168-E168 -> 0.031889951 | G168: =AVERAGE(F169) -> -0.0022915007 | H168: 0 | I168: 0.24198867
A169: 23801 | B169: 87.43 | C169: 2.53333 | D169: =LN((B169+C169/12)/B168) -> 0.00092594832 | E169: 0.003217449 | F169: =D169-E169 -> -0.0022915007 | G169: =AVERAGE(F170) -> -0.015386545 | H169: 0 | I169: 0.25977011
A170: 23832 | B170: 86.160004 | C170: 2.55 | D170: =LN((B170+C170/12)/B169) -> -0.012169096 | E170: 0.003217449 | F170: =D170-E170 -> -0.015386545 | G170: =AVERAGE(F171) -> 0.032848557 | H170: 0 | I170: 0.28093144
A171: 23862 | B171: 89.110001 | C171: 2.57 | D171: =LN((B171+C171/12)/B170) -> 0.036066006 | E171: 0.003217449 | F171: =D171-E171 -> 0.032848557 | G171: =AVERAGE(F172) -> -0.0085206412 | H171: 0 | I171: 0.30340096
A172: 23893 | B172: 88.419998 | C172: 2.59 | D172: =LN((B172+C172/12)/B171) -> -0.0053353739 | E172: 0.0031852673 | F172: =D172-E172 -> -0.0085206412 | G172: =AVERAGE(F173) -> -0.050384346 | H172: 0 | I172: 0.33008834
A173: 23923 | B173: 84.120003 | C173: 2.61 | D173: =LN((B173+C173/12)/B172) -> -0.047271529 | E173: 0.0031128168 | F173: =D173-E173 -> -0.050384346 | G173: =AVERAGE(F174) -> 0.012763033 | H173: 0 | I173: 0.35962773
A174: 23954 | B174: 85.25 | C174: 2.62667 | D174: =LN((B174+C174/12)/B173) -> 0.015908057 | E174: 0.0031450242 | F174: =D174-E174 -> 0.012763033 | G174: =AVERAGE(F175) -> 0.021650874 | H174: 0 | I174: 0.37919074
A175: 23985 | B175: 87.169998 | C175: 2.64333 | D175: =LN((B175+C175/12)/B174) -> 0.024795898 | E175: 0.0031450242 | F175: =D175-E175 -> 0.021650874 | G175: =AVERAGE(F176) -> 0.030756526 | H175: 0 | I175: 0.40332909
A176: 24015 | B176: 89.959999 | C176: 2.66 | D176: =LN((B176+C176/12)/B175) -> 0.03396593 | E176: 0.0032094047 | F176: =D176-E176 -> 0.030756526 | G176: =AVERAGE(F177) -> 0.026094004 | H176: 0 | I176: 0.42332509
A177: 24046 | B177: 92.419998 | C177: 2.68 | D177: =LN((B177+C177/12)/B176) -> 0.029391858 | E177: 0.0032978538 | F177: =D177-E177 -> 0.026094004 | G177: =AVERAGE(F178) -> -0.009695953 | H177: 0 | I177: 0.44021495
A178: 24076 | B178: 91.610001 | C178: 2.7 | D178: =LN((B178+C178/12)/B177) -> -0.0063498904 | E178: 0.0033460626 | F178: =D178-E178 -> -0.009695953 | G178: =AVERAGE(F179) -> 0.0077817528 | H178: 0 | I178: 0.46532051
A179: 24107 | B179: 92.43 | C179: 2.72 | D179: =LN((B179+C179/12)/B178) -> 0.011360466 | E179: 0.0035787134 | F179: =D179-E179 -> 0.0077817528 | G179: =AVERAGE(F180) -> 0.0035652406 | H179: 0 | I179: 0.47560984
... A347: 29220 | B347: 107.94 | C347: 5.65 | D347: =LN((B347+C347/12)/B346) -> 0.020980621 | E347: 0.0095188323 | F347: =D347-E347 -> 0.011461788 | G347: =AVERAGE(F348) -> 0.050688867 | H347: 0 | I347: 0.33156945
A348: 29251 | B348: 114.16 | C348: 5.7 | D348: =LN((B348+C348/12)/B347) -> 0.06017766 | E348: 0.0094887929 | F348: =D348-E348 -> 0.050688867 | G348: =AVERAGE(F349) -> -0.010314992 | H348: 0 | I348: 0.27019119 | J348: =INTERCEPT($G$168:G347,$I$168:I347) -> -0.0048231633 | K348: =SLOPE($G$168:G347,$I$168:I347) -> 0.018560924 | L348: =J348+K348*I348 -> 0.00019183493 | M348: =AVERAGE($G$168:G347) -> -0.00021130952 | N348: =(L348-G348)^2 -> 0.00011039342 | O348: =(M348-G348)^2 -> 0.00010208441 | P348: =1-AVERAGE($N$348:N348)/AVERAGE($O$348:O348) -> -0.081393556 | Q348: =O348-N348+(M348-L348)^2 -> -8.1464875e-06
A349: 29280 | B349: 113.66 | C349: 5.75 | D349: =LN((B349+C349/12)/B348) -> -0.00018250906 | E349: 0.010132483 | F349: =D349-E349 -> -0.010314992 | G349: =AVERAGE(F350) -> -0.11449504 | H349: 1 | I349: 0.29771292 | J349: =INTERCEPT($G$168:G348,$I$168:I348) -> -0.0048748236 | K349: =SLOPE($G$168:G348,$I$168:I348) -> 0.018535225 | L349: =J349+K349*I349 -> 0.00064335246 | M349: =AVERAGE($G$168:G348) -> -0.00026713098 | N349: =(L349-G349)^2 -> 0.013256849 | O349: =(M349-G349)^2 -> 0.013048015 | P349: =1-AVERAGE($N$348:N349)/AVERAGE($O$348:O349) -> -0.016512668 | Q349: =O349-N349+(M349-L349)^2 -> -0.00020800524
A350: 29311 | B350: 102.09 | C350: 5.8 | D350: =LN((B350+C350/12)/B349) -> -0.10263361 | E350: 0.011861426 | F350: =D350-E350 -> -0.11449504 | G350: =AVERAGE(F351) -> 0.034504172 | H350: 1 | I350: 0.47170683 | J350: =INTERCEPT($G$168:G349,$I$168:I349) -> -0.0053489913 | K350: =SLOPE($G$168:G349,$I$168:I349) -> 0.017898481 | L350: =J350+K350*I350 -> 0.0030938445 | M350: =AVERAGE($G$168:G349) -> -0.00089475685 | N350: =(L350-G350)^2 -> 0.0009866087 | O350: =(M350-G350)^2 -> 0.0012530842 | P350: =1-AVERAGE($N$348:N350)/AVERAGE($O$348:O350) -> 0.0034250944 | Q350: =O350-N350+(M350-L350)^2 -> 0.00028238443
A351: 29341 | B351: 106.29 | C351: 5.84667 | D351: =LN((B351+C351/12)/B350) -> 0.044889899 | E351: 0.010385726 | F351: =D351-E351 -> 0.034504172 | G351: =AVERAGE(F352) -> 0.043040618 | H351: 1 | I351: 0.47006399 | J351: =INTERCEPT($G$168:G350,$I$168:I350) -> -0.0053733322 | K351: =SLOPE($G$168:G350,$I$168:I350) -> 0.018682162 | L351: =J351+K351*I351 -> 0.0034084796 | M351: =AVERAGE($G$168:G350) -> -0.00070132007 | N351: =(L351-G351)^2 -> 0.0015707064 | O351: =(M351-G351)^2 -> 0.0019133571 | P351: =1-AVERAGE($N$348:N351)/AVERAGE($O$348:O351) -> 0.024023659 | Q351: =O351-N351+(M351-L351)^2 -> 0.00035954121
A352: 29372 | B352: 111.24 | C352: 5.89333 | D352: =LN((B352+C352/12)/B351) -> 0.049923953 | E352: 0.0068833355 | F352: =D352-E352 -> 0.043040618 | G352: =AVERAGE(F353) -> 0.025226138 | H352: 1 | I352: 0.16900205 | J352: =INTERCEPT($G$168:G351,$I$168:I351) -> -0.0054018997 | K352: =SLOPE($G$168:G351,$I$168:I351) -> 0.019653052 | L352: =J352+K352*I352 -> -0.0020804936 | M352: =AVERAGE($G$168:G351) -> -0.00046359215 | N352: =(L352-G352)^2 -> 0.00074565215 | O352: =(M352-G352)^2 -> 0.00065996225 | P352: =1-AVERAGE($N$348:N352)/AVERAGE($O$348:O352) -> 0.01804218 | Q352: =O352-N352+(M352-L352)^2 -> -8.3075525e-05
A353: 29402 | B353: 114.24 | C353: 5.94 | D353: =LN((B353+C353/12)/B352) -> 0.030935093 | E353: 0.0057089543 | F353: =D353-E353 -> 0.025226138 | G353: =AVERAGE(F354) -> 0.060620039 | H353: 1 | I353: 0.11167739 | J353: =INTERCEPT($G$168:G352,$I$168:I352) -> -0.0051915895 | K353: =SLOPE($G$168:G352,$I$168:I352) -> 0.019403054 | L353: =J353+K353*I353 -> -0.003024707 | M353: =AVERAGE($G$168:G352) -> -0.00032472874 | N353: =(L353-G353)^2 -> 0.0040506537 | O353: =(M353-G353)^2 -> 0.0037142648 | P353: =1-AVERAGE($N$348:N353)/AVERAGE($O$348:O353) -> -0.0014545551 | Q353: =O353-N353+(M353-L353)^2 -> -0.0003290991
A354: 29433 | B354: 121.67 | C354: 5.98333 | D354: =LN((B354+C354/12)/B353) -> 0.067100652 | E354: 0.0064806124 | F354: =D354-E354 -> 0.060620039 | G354: =AVERAGE(F355) -> 0.0026065135 | H354: 1 | I354: 0.12445526 | J354: =INTERCEPT($G$168:G353,$I$168:I353) -> -0.0046034749 | K354: =SLOPE($G$168:G353,$I$168:I353) -> 0.018419621 | L354: =J354+K354*I354 -> -0.0023110562 | M354: =AVERAGE($G$168:G353) -> 2.9313007e-06 | N354: =(L354-G354)^2 -> 2.4182492e-05 | O354: =(M354-G354)^2 -> 6.7786405e-06 | P354: =1-AVERAGE($N$348:N354)/AVERAGE($O$348:O354) -> -0.0022949441 | Q354: =O354-N354+(M354-L354)^2 -> -1.2049313e-05
A355: 29464 | B355: 122.38 | C355: 6.02667 | D355: =LN((B355+C355/12)/B354) -> 0.0099138869 | E355: 0.0073073733 | F355: =D355-E355 -> 0.0026065135 | G355: =AVERAGE(F356) -> 0.020699678 | H355: 0 | I355: 0.14289084 | J355: =INTERCEPT($G$168:G354,$I$168:I354) -> -0.0045600977 | K355: =SLOPE($G$168:G354,$I$168:I354) -> 0.018351139 | L355: =J355+K355*I355 -> -0.0019378881 | M355: =AVERAGE($G$168:G354) -> 1.68542e-05 | N355: =(L355-G355)^2 -> 0.0005124594 | O355: =(M355-G355)^2 -> 0.0004277792 | P355: =1-AVERAGE($N$348:N355)/AVERAGE($O$348:O355) -> -0.0062569408 | Q355: =O355-N355+(M355-L355)^2 -> -8.0859182e-05
A356: 29494 | B356: 125.46 | C356: 6.07 | D356: =LN((B356+C356/12)/B355) -> 0.028879763 | E356: 0.0081800854 | F356: =D356-E356 -> 0.020699678 | G356: =AVERAGE(F357) -> 0.010671086 | H356: 0 | I356: 0.17987075 | J356: =INTERCEPT($G$168:G355,$I$168:I355) -> -0.0043732508 | K356: =SLOPE($G$168:G355,$I$168:I355) -> 0.018084166 | L356: =J356+K356*I356 -> -0.0011204383 | M356: =AVERAGE($G$168:G355) -> 0.00012686922 | N356: =(L356-G356)^2 -> 0.00013904004 | O356: =(M356-G356)^2 -> 0.0001111805 | P356: =1-AVERAGE($N$348:N356)/AVERAGE($O$348:O356) -> -0.0075360536 | Q356: =O356-N356+(M356-L356)^2 -> -2.6303761e-05
A357: 29525 | B357: 127.47 | C357: 6.1 | D357: =LN((B357+C357/12)/B356) -> 0.019874013 | E357: 0.0092029272 | F357: =D357-E357 -> 0.010671086 | G357: =AVERAGE(F358) -> 0.090318421 | H357: 0 | I357: 0.23750813 | J357: =INTERCEPT($G$168:G356,$I$168:I356) -> -0.0042884989 | K357: =SLOPE($G$168:G356,$I$168:I356) -> 0.017994167 | L357: =J357+K357*I357 -> -1.4738019e-05 | M357: =AVERAGE($G$168:G356) -> 0.00018265873 | N357: =(L357-G357)^2 -> 0.0081600796 | O357: =(M357-G357)^2 -> 0.0081244556 | P357: =1-AVERAGE($N$348:N357)/AVERAGE($O$348:O357) -> -0.0066640674 | Q357: =O357-N357+(M357-L357)^2 -> -3.5585012e-05
A358: 29555 | B358: 140.52 | C358: 6.13 | D358: =LN((B358+C358/12)/B357) -> 0.10109752 | E358: 0.0107791 | F358: =D358-E358 -> 0.090318421 | G358: =AVERAGE(F359) -> -0.042760675 | H358: 0 | I358: 0.4089479 | J358: =INTERCEPT($G$168:G357,$I$168:I357) -> -0.0037858189 | K358: =SLOPE($G$168:G357,$I$168:I357) -> 0.017884505 | L358: =J358+K358*I358 -> 0.0035280117 | M358: =AVERAGE($G$168:G357) -> 0.00065705747 | N358: =(L358-G358)^2 -> 0.0021426425 | O358: =(M358-G358)^2 -> 0.0018850995 | P358: =1-AVERAGE($N$348:N358)/AVERAGE($O$348:O358) -> -0.014504434 | Q358: =O358-N358+(M358-L358)^2 -> -0.00024930064
A359: 29586 | B359: 135.75999 | C359: 6.16 | D359: =LN((B359+C359/12)/B358) -> -0.030687225 | E359: 0.012073449 | F359: =D359-E359 -> -0.042760675 | G359: =AVERAGE(F360) -> -0.054570996 | H359: 0 | I359: 0.60537383 | J359: =INTERCEPT($G$168:G358,$I$168:I358) -> -0.0038237805 | K359: =SLOPE($G$168:G358,$I$168:I358) -> 0.01706453 | L359: =J359+K359*I359 -> 0.0065066395 | M359: =AVERAGE($G$168:G358) -> 0.0004297395 | N359: =(L359-G359)^2 -> 0.0037304775 | O359: =(M359-G359)^2 -> 0.0030250809 | P359: =1-AVERAGE($N$348:N359)/AVERAGE($O$348:O359) -> -0.033806959 | Q359: =O359-N359+(M359-L359)^2 -> -0.00066846793
... A901: 46081 | B901: 6878.8799 | C901: 79.7 | D901: =LN((B901+C901/12)/B900) -> -0.0077410835 | E901: 0.0029516094 | F901: =D901-E901 -> -0.010692693 | G901: =AVERAGE(F902) -> -0.054217272 | H901: 0 | I901: 0.64650919 | J901: =INTERCEPT($G$168:G900,$I$168:I900) -> 0.0057049836 | K901: =SLOPE($G$168:G900,$I$168:I900) -> -0.0080095519 | L901: =J901+K901*I901 -> 0.00052673465 | M901: =AVERAGE($G$168:G900) -> 0.0046203535 | N901: =(L901-G901)^2 -> 0.0029969062 | O901: =(M901-G901)^2 -> 0.0034618661 | P901: =1-AVERAGE($N$348:N901)/AVERAGE($O$348:O901) -> -0.0025275901 | Q901: =O901-N901+(M901-L901)^2 -> 0.00048171762
A902: 46112 | B902: 6528.52 | C902: 79.79 | D902: =LN((B902+C902/12)/B901) -> -0.051257595 | E902: 0.0029596766 | F902: =D902-E902 -> -0.054217272 | H902: 0 | I902: 0.63508808 | J902: =INTERCEPT($G$168:G901,$I$168:I901) -> 0.0057831649 | K902: =SLOPE($G$168:G901,$I$168:I901) -> -0.0091318838 | L902: =J902+K902*I902 -> -1.6385696e-05 | M902: =AVERAGE($G$168:G901) -> 0.0045401932
A905: M&S-Fenster (1980-01 bis 2019-12) - Replikation | I905: Full-Fenster (1980-01 bis 2026-03) - Sample-Erweiterung
A906: Spec | B906: M3 | I906: Spec | J906: M3
A907: Horizont h | B907: 1 | I907: Horizont h | J907: 1
A908: OOS-Start | B908: 1980-01 | I908: OOS-Start | J908: 1980-01
A909: OOS-Ende | B909: 2019-12 | I909: OOS-Ende | J909: letzter Monat mit realisiertem Y
A910: n Forecast-Monate | B910: =COUNT(Q348:Q827) -> 480 | I910: n Forecast-Monate | J910: =COUNT(Q348:Q901) -> 554
A912: R²_OS (Campbell-Thompson) | B912: =1-AVERAGE(N348:N827)/AVERAGE(O348:O827) -> 0.00041376574 | I912: R²_OS (Campbell-Thompson) | J912: =1-AVERAGE(N348:N901)/AVERAGE(O348:O901) -> -0.0025275901
A914: Clark-West-Test (Newey-West HAC, Bartlett-Kernel, L = h = 1) | I914: Clark-West-Test (Newey-West HAC, Bartlett-Kernel, L = h = 1)
A915: f-quer (Mittelwert) | B915: =AVERAGE(Q348:Q827) -> 2.3992303e-06 | I915: f-quer (Mittelwert) | J915: =AVERAGE(Q348:Q901) -> -2.3083078e-06
A916: n | B916: =COUNT(Q348:Q827) -> 480 | I916: n | J916: =COUNT(Q348:Q901) -> 554
A917: HAC-Lag L (= h) | B917: 1 | I917: HAC-Lag L (= h) | J917: 1
A918: gamma_0 (Varianz) | B918: =SUMPRODUCT((Q348:Q827-$B$915)^2)/$B$916 -> 9.722905e-09 | I918: gamma_0 (Varianz) | J918: =SUMPRODUCT((Q348:Q901-$J$915)^2)/$J$916 -> 1.5108461e-08
A919: NW LRV | B919: =$B$918+2*SUM(G927) -> 1.0582471e-08 | I919: NW LRV | J919: =$J$918+2*SUM(O927) -> 1.6437677e-08
A920: HAC SE | B920: =SQRT($B$919/$B$916) -> 4.6954035e-06 | I920: HAC SE | J920: =SQRT($J$919/$J$916) -> 5.4470999e-06
A921: z-Statistik | B921: =$B$915/$B$920 -> 0.51097425 | I921: z-Statistik | J921: =$J$915/$J$920 -> -0.4237682
A922: p-Wert (einseitig) | B922: =1-_xlfn.NORM.S.DIST($B$921,TRUE) -> 0.30468454 | I922: p-Wert (einseitig) | J922: =1-_xlfn.NORM.S.DIST($J$921,TRUE) -> 0.66413257
A923: Signifikanz | B923: =IF($B$921>2.326,"*** (1%)",IF($B$921>1.645,"** (5%)",IF($B$921>1.282,"* (10%)","n.s."))) -> n.s. | I923: Signifikanz | J923: =IF($J$921>2.326,"*** (1%)",IF($J$921>1.645,"** (5%)",IF($J$921>1.282,"* (10%)","n.s."))) -> n.s.
D926: k | E926: w_k (Bartlett) | F926: gamma_k | G926: w_k * gamma_k | L926: k | M926: w_k (Bartlett) | N926: gamma_k | O926: w_k * gamma_k
D927: 1 | E927: =1-D927/($B$917+1) -> 0.5 | F927: =SUMPRODUCT((OFFSET($Q$348,0,0,$B$916-D927,1)-$B$915)*(OFFSET($Q$348,D927,0,$B$916-D927,1)-$B$915))/$B$916 -> 8.5956569e-10 | G927: =E927*F927 -> 4.2978284e-10 | L927: 1 | M927: =1-L927/($J$917+1) -> 0.5 | N927: =SUMPRODUCT((OFFSET($Q$348,0,0,$J$916-L927,1)-$J$915)*(OFFSET($Q$348,L927,0,$J$916-L927,1)-$J$915))/$J$916 -> 1.3292162e-09 | O927: =M927*N927 -> 6.6460808e-10

Sheet M1_h3
A1: date | B1: sp500_price | C1: D_12m | D1: sp500_log_total_return | E1: rfree | F1: log_equity_prem | G1: fwd_avg_log_eqprem (Y) | H1: usrec | I1: p_M1_h3 | J1: alpha | K1: beta | L1: forecast | M1: benchmark | N1: se_model | O1: se_benchmark | P1: rolling_R2_OS | Q1: clark_west_f
A2: 18718 | B2: 21.48 | C2: 1.52 | E2: 0.0011592468 | G2: =AVERAGE(F3:F5) -> -0.0034570368 | H2: 0
A3: 18748 | B3: 22.43 | C3: 1.53333 | D3: =LN((B3+C3/12)/B2) -> 0.048957672 | E3: 0.0012168233 | F3: =D3-E3 -> 0.047740849 | G3: =AVERAGE(F4:F6) -> 0.0042599535 | H3: 0
A4: 18779 | B4: 21.52 | C4: 1.54667 | D4: =LN((B4+C4/12)/B3) -> -0.035445197 | E4: 0.0012825803 | F4: =D4-E4 -> -0.036727777 | G4: =AVERAGE(F5:F7) -> 0.030724995 | H4: 0
A5: 18809 | B5: 20.959999 | C5: 1.56 | D5: =LN((B5+C5/12)/B4) -> -0.020183805 | E5: 0.0012003766 | F5: =D5-E5 -> -0.021384182 | G5: =AVERAGE(F6:F8) -> 0.038927431 | H5: 0
A6: 18840 | B6: 22.4 | C6: 1.54667 | D6: =LN((B6+C6/12)/B5) -> 0.072182616 | E6: 0.0012907966 | F6: =D6-E6 -> 0.070891819 | G6: =AVERAGE(F7:F9) -> 0.012045688 | H6: 0
A7: 18871 | B7: 23.280001 | C7: 1.53333 | D7: =LN((B7+C7/12)/B6) -> 0.044007426 | E7: 0.0013400788 | F7: =D7-E7 -> 0.042667348 | G7: =AVERAGE(F8:F10) -> -0.0017282897 | H7: 0
A8: 18901 | B8: 23.26 | C8: 1.52 | D8: =LN((B8+C8/12)/B7) -> 0.0045714168 | E8: 0.0013482899 | F8: =D8-E8 -> 0.0032231269 | G8: =AVERAGE(F9:F11) -> 0.011084614 | H8: 0
A9: 18932 | B9: 22.940001 | C9: 1.48333 | D9: =LN((B9+C9/12)/B8) -> -0.0084790469 | E9: 0.0012743633 | F9: =D9-E9 -> -0.0097534102 | G9: =AVERAGE(F10:F12) -> 0.020673734 | H9: 0
A10: 18962 | B10: 22.879999 | C10: 1.44667 | D10: =LN((B10+C10/12)/B9) -> 0.0026362108 | E10: 0.0012907966 | F10: =D10-E10 -> 0.0013454142 | G10: =AVERAGE(F11:F13) -> 0.0091096806 | H10: 0
A11: 18993 | B11: 23.77 | C11: 1.41 | D11: =LN((B11+C11/12)/B10) -> 0.043092199 | E11: 0.0014303602 | F11: =D11-E11 -> 0.041661839 | G11: =AVERAGE(F12:F14) -> 0.011937818 | H11: 0
A12: 19024 | B12: 24.139999 | C12: 1.41333 | D12: =LN((B12+C12/12)/B11) -> 0.020312962 | E12: 0.0012990121 | F12: =D12-E12 -> 0.01901395 | G12: =AVERAGE(F13:F15) -> -0.0078146705 | H12: 0
A13: 19053 | B13: 23.26 | C13: 1.41667 | D13: =LN((B13+C13/12)/B12) -> -0.032072383 | E13: 0.0012743633 | F13: =D13-E13 -> -0.033346746 | G13: =AVERAGE(F14:F16) -> 0.012143478 | H13: 0
A14: 19084 | B14: 24.370001 | C14: 1.42 | D14: =LN((B14+C14/12)/B13) -> 0.051461691 | E14: 0.001315441 | F14: =D14-E14 -> 0.05014625 | G14: =AVERAGE(F15:F17) -> 0.011592967 | H14: 0
... A167: 23742 | B167: 84.75 | C167: 2.5 | D167: =LN((B167+C167/12)/B166) -> 0.0063566216 | E167: 0.0031450242 | F167: =D167-E167 -> 0.0032115974 | G167: =AVERAGE(F168:F170) -> 0.0047373017 | H167: 0
A168: 23773 | B168: 87.559998 | C168: 2.51667 | D168: =LN((B168+C168/12)/B167) -> 0.035010821 | E168: 0.0031208697 | F168: =D168-E168 -> 0.031889951 | G168: =AVERAGE(F169:F171) -> 0.005056837 | H168: 0 | I168: 0.2366131
A169: 23801 | B169: 87.43 | C169: 2.53333 | D169: =LN((B169+C169/12)/B168) -> 0.00092594832 | E169: 0.003217449 | F169: =D169-E169 -> -0.0022915007 | G169: =AVERAGE(F170:F172) -> 0.0029804569 | H169: 0 | I169: 0.23467296
A170: 23832 | B170: 86.160004 | C170: 2.55 | D170: =LN((B170+C170/12)/B169) -> -0.012169096 | E170: 0.003217449 | F170: =D170-E170 -> -0.015386545 | G170: =AVERAGE(F171:F173) -> -0.0086854767 | H170: 0 | I170: 0.23305953
A171: 23862 | B171: 89.110001 | C171: 2.57 | D171: =LN((B171+C171/12)/B170) -> 0.036066006 | E171: 0.003217449 | F171: =D171-E171 -> 0.032848557 | G171: =AVERAGE(F172:F174) -> -0.015380651 | H171: 0 | I171: 0.23163529
A172: 23893 | B172: 88.419998 | C172: 2.59 | D172: =LN((B172+C172/12)/B171) -> -0.0053353739 | E172: 0.0031852673 | F172: =D172-E172 -> -0.0085206412 | G172: =AVERAGE(F173:F175) -> -0.0053234798 | H172: 0 | I172: 0.23021299
A173: 23923 | B173: 84.120003 | C173: 2.61 | D173: =LN((B173+C173/12)/B172) -> -0.047271529 | E173: 0.0031128168 | F173: =D173-E173 -> -0.050384346 | G173: =AVERAGE(F174:F176) -> 0.021723477 | H173: 0 | I173: 0.22867203
A174: 23954 | B174: 85.25 | C174: 2.62667 | D174: =LN((B174+C174/12)/B173) -> 0.015908057 | E174: 0.0031450242 | F174: =D174-E174 -> 0.012763033 | G174: =AVERAGE(F175:F177) -> 0.026167135 | H174: 0 | I174: 0.2262752
A175: 23985 | B175: 87.169998 | C175: 2.64333 | D175: =LN((B175+C175/12)/B174) -> 0.024795898 | E175: 0.0031450242 | F175: =D175-E175 -> 0.021650874 | G175: =AVERAGE(F176:F178) -> 0.015718192 | H175: 0 | I175: 0.223675
A176: 24015 | B176: 89.959999 | C176: 2.66 | D176: =LN((B176+C176/12)/B175) -> 0.03396593 | E176: 0.0032094047 | F176: =D176-E176 -> 0.030756526 | G176: =AVERAGE(F177:F179) -> 0.0080599347 | H176: 0 | I176: 0.22069764
A177: 24046 | B177: 92.419998 | C177: 2.68 | D177: =LN((B177+C177/12)/B176) -> 0.029391858 | E177: 0.0032978538 | F177: =D177-E177 -> 0.026094004 | G177: =AVERAGE(F178:F180) -> 0.0005503468 | H177: 0 | I177: 0.21692996
A178: 24076 | B178: 91.610001 | C178: 2.7 | D178: =LN((B178+C178/12)/B177) -> -0.0063498904 | E178: 0.0033460626 | F178: =D178-E178 -> -0.009695953 | G178: =AVERAGE(F179:F181) -> -0.0026545712 | H178: 0 | I178: 0.21384611
A179: 24107 | B179: 92.43 | C179: 2.72 | D179: =LN((B179+C179/12)/B178) -> 0.011360466 | E179: 0.0035787134 | F179: =D179-E179 -> 0.0077817528 | G179: =AVERAGE(F180:F182) -> -0.0129854 | H179: 0 | I179: 0.20825986
... A347: 29220 | B347: 107.94 | C347: 5.65 | D347: =LN((B347+C347/12)/B346) -> 0.020980621 | E347: 0.0095188323 | F347: =D347-E347 -> 0.011461788 | G347: =AVERAGE(F348:F350) -> -0.024707055 | H347: 0 | I347: 0.58215409
A348: 29251 | B348: 114.16 | C348: 5.7 | D348: =LN((B348+C348/12)/B347) -> 0.06017766 | E348: 0.0094887929 | F348: =D348-E348 -> 0.050688867 | G348: =AVERAGE(F349:F351) -> -0.030101953 | H348: 0 | I348: 0.42768812 | J348: =INTERCEPT($G$168:G345,$I$168:I345) -> -0.0041004748 | K348: =SLOPE($G$168:G345,$I$168:I345) -> 0.02107739 | L348: =J348+K348*I348 -> 0.0049140746 | M348: =AVERAGE($G$168:G345) -> -0.0003875976 | N348: =(L348-G348)^2 -> 0.0012261222 | O348: =(M348-G348)^2 -> 0.00088294292 | P348: =1-AVERAGE($N$348:N348)/AVERAGE($O$348:O348) -> -0.38867662 | Q348: =O348-N348+(M348-L348)^2 -> -0.00031507154
A349: 29280 | B349: 113.66 | C349: 5.75 | D349: =LN((B349+C349/12)/B348) -> -0.00018250906 | E349: 0.010132483 | F349: =D349-E349 -> -0.010314992 | G349: =AVERAGE(F350:F352) -> -0.01231675 | H349: 1 | I349: 0.44904758 | J349: =INTERCEPT($G$168:G346,$I$168:I346) -> -0.0045774528 | K349: =SLOPE($G$168:G346,$I$168:I346) -> 0.024061256 | L349: =J349+K349*I349 -> 0.0062271961 | M349: =AVERAGE($G$168:G346) -> -0.00028890401 | N349: =(L349-G349)^2 -> 0.00034387793 | O349: =(M349-G349)^2 -> 0.00014466907 | P349: =1-AVERAGE($N$348:N349)/AVERAGE($O$348:O349) -> -0.52781413 | Q349: =O349-N349+(M349-L349)^2 -> -0.00015674929
A350: 29311 | B350: 102.09 | C350: 5.8 | D350: =LN((B350+C350/12)/B349) -> -0.10263361 | E350: 0.011861426 | F350: =D350-E350 -> -0.11449504 | G350: =AVERAGE(F351:F353) -> 0.034256976 | H350: 1 | I350: 0.71039917 | J350: =INTERCEPT($G$168:G347,$I$168:I347) -> -0.0029745522 | K350: =SLOPE($G$168:G347,$I$168:I347) -> 0.014129053 | L350: =J350+K350*I350 -> 0.0070627151 | M350: =AVERAGE($G$168:G347) -> -0.00042456041 | N350: =(L350-G350)^2 -> 0.00073952784 | O350: =(M350-G350)^2 -> 0.001202809 | P350: =1-AVERAGE($N$348:N350)/AVERAGE($O$348:O350) -> -0.035467288 | Q350: =O350-N350+(M350-L350)^2 -> 0.00051934044
A351: 29341 | B351: 106.29 | C351: 5.84667 | D351: =LN((B351+C351/12)/B350) -> 0.044889899 | E351: 0.010385726 | F351: =D351-E351 -> 0.034504172 | G351: =AVERAGE(F352:F354) -> 0.042962265 | H351: 1 | I351: 0.66339712 | J351: =INTERCEPT($G$168:G348,$I$168:I348) -> -0.0021289839 | K351: =SLOPE($G$168:G348,$I$168:I348) -> 0.0084713077 | L351: =J351+K351*I351 -> 0.0034908573 | M351: =AVERAGE($G$168:G348) -> -0.0005885239 | N351: =(L351-G351)^2 -> 0.001557992 | O351: =(M351-G351)^2 -> 0.0018966712 | P351: =1-AVERAGE($N$348:N351)/AVERAGE($O$348:O351) -> 0.062894695 | Q351: =O351-N351+(M351-L351)^2 -> 0.00035532054
A352: 29372 | B352: 111.24 | C352: 5.89333 | D352: =LN((B352+C352/12)/B351) -> 0.049923953 | E352: 0.0068833355 | F352: =D352-E352 -> 0.043040618 | G352: =AVERAGE(F353:F355) -> 0.02948423 | H352: 1 | I352: 0.11899655 | J352: =INTERCEPT($G$168:G349,$I$168:I349) -> -0.0017551848 | K352: =SLOPE($G$168:G349,$I$168:I349) -> 0.0060127912 | L352: =J352+K352*I352 -> -0.0010396834 | M352: =AVERAGE($G$168:G349) -> -0.0006529647 | N352: =(L352-G352)^2 -> 0.00093170931 | O352: =(M352-G352)^2 -> 0.00090825053 | P352: =1-AVERAGE($N$348:N352)/AVERAGE($O$348:O352) -> 0.046891231 | Q352: =O352-N352+(M352-L352)^2 -> -2.3309235e-05
A353: 29402 | B353: 114.24 | C353: 5.94 | D353: =LN((B353+C353/12)/B352) -> 0.030935093 | E353: 0.0057089543 | F353: =D353-E353 -> 0.025226138 | G353: =AVERAGE(F354:F356) -> 0.02797541 | H353: 1 | I353: 0.050283687 | J353: =INTERCEPT($G$168:G350,$I$168:I350) -> -0.0033137808 | K353: =SLOPE($G$168:G350,$I$168:I350) -> 0.015315203 | L353: =J353+K353*I353 -> -0.0025436759 | M353: =AVERAGE($G$168:G350) -> -0.0004622 | N353: =(L353-G353)^2 -> 0.00093141462 | O353: =(M353-G353)^2 -> 0.00080869768 | P353: =1-AVERAGE($N$348:N353)/AVERAGE($O$348:O353) -> 0.01940378 | Q353: =O353-N353+(M353-L353)^2 -> -0.0001183844
A354: 29433 | B354: 121.67 | C354: 5.98333 | D354: =LN((B354+C354/12)/B353) -> 0.067100652 | E354: 0.0064806124 | F354: =D354-E354 -> 0.060620039 | G354: =AVERAGE(F355:F357) -> 0.011325759 | H354: 1 | I354: 0.063203411 | J354: =INTERCEPT($G$168:G351,$I$168:I351) -> -0.0047233495 | K354: =SLOPE($G$168:G351,$I$168:I351) -> 0.023821388 | L354: =J354+K354*I354 -> -0.0032177565 | M354: =AVERAGE($G$168:G351) -> -0.00022619747 | N354: =(L354-G354)^2 -> 0.00021151385 | O354: =(M354-G354)^2 -> 0.0001334477 | P354: =1-AVERAGE($N$348:N354)/AVERAGE($O$348:O354) -> 0.0059105646 | Q354: =O354-N354+(M354-L354)^2 -> -6.9116721e-05
A355: 29464 | B355: 122.38 | C355: 6.02667 | D355: =LN((B355+C355/12)/B354) -> 0.0099138869 | E355: 0.0073073733 | F355: =D355-E355 -> 0.0026065135 | G355: =AVERAGE(F356:F358) -> 0.040563061 | H355: 0 | I355: 0.084604196 | J355: =INTERCEPT($G$168:G352,$I$168:I352) -> -0.0043506477 | K355: =SLOPE($G$168:G352,$I$168:I352) -> 0.022743316 | L355: =J355+K355*I355 -> -0.0024264677 | M355: =AVERAGE($G$168:G352) -> -6.5600564e-05 | N355: =(L355-G355)^2 -> 0.0018480996 | O355: =(M355-G355)^2 -> 0.0016506882 | P355: =1-AVERAGE($N$348:N355)/AVERAGE($O$348:O355) -> -0.021247688 | Q355: =O355-N355+(M355-L355)^2 -> -0.00019183775
A356: 29494 | B356: 125.46 | C356: 6.07 | D356: =LN((B356+C356/12)/B355) -> 0.028879763 | E356: 0.0081800854 | F356: =D356-E356 -> 0.020699678 | G356: =AVERAGE(F357:F359) -> 0.019409611 | H356: 0 | I356: 0.13326286 | J356: =INTERCEPT($G$168:G353,$I$168:I353) -> -0.0037887034 | K356: =SLOPE($G$168:G353,$I$168:I353) -> 0.020642265 | L356: =J356+K356*I356 -> -0.0010378562 | M356: =AVERAGE($G$168:G353) -> 8.5157558e-05 | N356: =(L356-G356)^2 -> 0.0004180989 | O356: =(M356-G356)^2 -> 0.00037343448 | P356: =1-AVERAGE($N$348:N356)/AVERAGE($O$348:O356) -> -0.025837988 | Q356: =O356-N356+(M356-L356)^2 -> -4.3403252e-05
A357: 29525 | B357: 127.47 | C357: 6.1 | D357: =LN((B357+C357/12)/B356) -> 0.019874013 | E357: 0.0092029272 | F357: =D357-E357 -> 0.010671086 | G357: =AVERAGE(F358:F360) -> -0.0023377499 | H357: 0 | I357: 0.22044015 | J357: =INTERCEPT($G$168:G354,$I$168:I354) -> -0.0035592335 | K357: =SLOPE($G$168:G354,$I$168:I354) -> 0.019810073 | L357: =J357+K357*I357 -> 0.00080770192 | M357: =AVERAGE($G$168:G354) -> 0.00014526773 | N357: =(L357-G357)^2 -> 9.8938673e-06 | O357: =(M357-G357)^2 -> 6.1653766e-06 | P357: =1-AVERAGE($N$348:N357)/AVERAGE($O$348:O357) -> -0.026283703 | Q357: =O357-N357+(M357-L357)^2 -> -3.2896716e-06
A358: 29555 | B358: 140.52 | C358: 6.13 | D358: =LN((B358+C358/12)/B357) -> 0.10109752 | E358: 0.0107791 | F358: =D358-E358 -> 0.090318421 | G358: =AVERAGE(F359:F361) -> -0.030583218 | H358: 0 | I358: 0.51414163 | J358: =INTERCEPT($G$168:G355,$I$168:I355) -> -0.0029430538 | K358: =SLOPE($G$168:G355,$I$168:I355) -> 0.017716275 | L358: =J358+K358*I358 -> 0.0061656209 | M358: =AVERAGE($G$168:G355) -> 0.00036025599 | N358: =(L358-G358)^2 -> 0.0013504771 | O358: =(M358-G358)^2 -> 0.00095749857 | P358: =1-AVERAGE($N$348:N358)/AVERAGE($O$348:O358) -> -0.067309994 | Q358: =O358-N358+(M358-L358)^2 -> -0.00035927631
A359: 29586 | B359: 135.75999 | C359: 6.16 | D359: =LN((B359+C359/12)/B358) -> -0.030687225 | E359: 0.012073449 | F359: =D359-E359 -> -0.042760675 | G359: =AVERAGE(F360:F362) -> -0.0067514666 | H359: 0 | I359: 0.78898993 | J359: =INTERCEPT($G$168:G356,$I$168:I356) -> -0.0027420288 | K359: =SLOPE($G$168:G356,$I$168:I356) -> 0.017204667 | L359: =J359+K359*I359 -> 0.01083228 | M359: =AVERAGE($G$168:G356) -> 0.00046104623 | N359: =(L359-G359)^2 -> 0.00030918815 | O359: =(M359-G359)^2 -> 5.2020341e-05 | P359: =1-AVERAGE($N$348:N359)/AVERAGE($O$348:O359) -> -0.095441081 | Q359: =O359-N359+(M359-L359)^2 -> -0.00014960531
... A899: 46022 | B899: 6845.5 | C899: 79.52 | D899: =LN((B899+C899/12)/B898) -> 0.00044329246 | E899: 0.0029435416 | F899: =D899-E899 -> -0.0025002491 | G899: =AVERAGE(F900:F902) -> -0.017770432 | H899: 0 | I899: 0.19440141 | J899: =INTERCEPT($G$168:G896,$I$168:I896) -> 0.0054039004 | K899: =SLOPE($G$168:G896,$I$168:I896) -> -0.0045988576 | L899: =J899+K899*I899 -> 0.004509876 | M899: =AVERAGE($G$168:G896) -> 0.0046562618 | N899: =(L899-G899)^2 -> 0.00049641214 | O899: =(M899-G899)^2 -> 0.00050295661 | P899: =1-AVERAGE($N$348:N899)/AVERAGE($O$348:O899) -> -0.0090817461 | Q899: =O899-N899+(M899-L899)^2 -> 6.5658968e-06
A900: 46053 | B900: 6939.0298 | C900: 79.61 | D900: =LN((B900+C900/12)/B899) -> 0.014526071 | E900: 0.0029274037 | F900: =D900-E900 -> 0.011598667 | H900: 0 | I900: 0.18943539 | J900: =INTERCEPT($G$168:G897,$I$168:I897) -> 0.0054034982 | K900: =SLOPE($G$168:G897,$I$168:I897) -> -0.0046105132 | L900: =J900+K900*I900 -> 0.0045301038 | M900: =AVERAGE($G$168:G897) -> 0.0046536565
A901: 46081 | B901: 6878.8799 | C901: 79.7 | D901: =LN((B901+C901/12)/B900) -> -0.0077410835 | E901: 0.0029516094 | F901: =D901-E901 -> -0.010692693 | H901: 0 | I901: 0.19391683 | J901: =INTERCEPT($G$168:G898,$I$168:I898) -> 0.005401806 | K901: =SLOPE($G$168:G898,$I$168:I898) -> -0.0046419888 | L901: =J901+K901*I901 -> 0.0045016462 | M901: =AVERAGE($G$168:G898) -> 0.0046465634
A902: 46112 | B902: 6528.52 | C902: 79.79 | D902: =LN((B902+C902/12)/B901) -> -0.051257595 | E902: 0.0029596766 | F902: =D902-E902 -> -0.054217272 | H902: 0 | I902: 0.18815962 | J902: =INTERCEPT($G$168:G899,$I$168:I899) -> 0.0053877414 | K902: =SLOPE($G$168:G899,$I$168:I899) -> -0.0047425084 | L902: =J902+K902*I902 -> 0.0044953928 | M902: =AVERAGE($G$168:G899) -> 0.0046159391
A905: M&S-Fenster (1980-01 bis 2019-12) - Replikation | I905: Full-Fenster (1980-01 bis 2026-03) - Sample-Erweiterung
A906: Spec | B906: M1 | I906: Spec | J906: M1
A907: Horizont h | B907: 3 | I907: Horizont h | J907: 3
A908: OOS-Start | B908: 1980-01 | I908: OOS-Start | J908: 1980-01
A909: OOS-Ende | B909: 2019-12 | I909: OOS-Ende | J909: letzter Monat mit realisiertem Y
A910: n Forecast-Monate | B910: =COUNT(Q348:Q827) -> 480 | I910: n Forecast-Monate | J910: =COUNT(Q348:Q899) -> 552
A912: R²_OS (Campbell-Thompson) | B912: =1-AVERAGE(N348:N827)/AVERAGE(O348:O827) -> -0.0068522188 | I912: R²_OS (Campbell-Thompson) | J912: =1-AVERAGE(N348:N899)/AVERAGE(O348:O899) -> -0.0090817461
A914: Clark-West-Test (Newey-West HAC, Bartlett-Kernel, L = h = 3) | I914: Clark-West-Test (Newey-West HAC, Bartlett-Kernel, L = h = 3)
A915: f-quer (Mittelwert) | B915: =AVERAGE(Q348:Q827) -> -2.1206038e-06 | I915: f-quer (Mittelwert) | J915: =AVERAGE(Q348:Q899) -> -3.6921542e-06
A916: n | B916: =COUNT(Q348:Q827) -> 480 | I916: n | J916: =COUNT(Q348:Q899) -> 552
A917: HAC-Lag L (= h) | B917: 3 | I917: HAC-Lag L (= h) | J917: 3
A918: gamma_0 (Varianz) | B918: =SUMPRODUCT((Q348:Q827-$B$915)^2)/$B$916 -> 6.7920458e-09 | I918: gamma_0 (Varianz) | J918: =SUMPRODUCT((Q348:Q899-$J$915)^2)/$J$916 -> 6.085571e-09
A919: NW LRV | B919: =$B$918+2*SUM(G927:G929) -> 1.4087757e-08 | I919: NW LRV | J919: =$J$918+2*SUM(O927:O929) -> 1.2583295e-08
A920: HAC SE | B920: =SQRT($B$919/$B$916) -> 5.4175172e-06 | I920: HAC SE | J920: =SQRT($J$919/$J$916) -> 4.7744973e-06
A921: z-Statistik | B921: =$B$915/$B$920 -> -0.39143463 | I921: z-Statistik | J921: =$J$915/$J$920 -> -0.77330742
A922: p-Wert (einseitig) | B922: =1-_xlfn.NORM.S.DIST($B$921,TRUE) -> 0.652262 | I922: p-Wert (einseitig) | J922: =1-_xlfn.NORM.S.DIST($J$921,TRUE) -> 0.78032977
A923: Signifikanz | B923: =IF($B$921>2.326,"*** (1%)",IF($B$921>1.645,"** (5%)",IF($B$921>1.282,"* (10%)","n.s."))) -> n.s. | I923: Signifikanz | J923: =IF($J$921>2.326,"*** (1%)",IF($J$921>1.645,"** (5%)",IF($J$921>1.282,"* (10%)","n.s."))) -> n.s.
D926: k | E926: w_k (Bartlett) | F926: gamma_k | G926: w_k * gamma_k | L926: k | M926: w_k (Bartlett) | N926: gamma_k | O926: w_k * gamma_k
D927: 1 | E927: =1-D927/($B$917+1) -> 0.75 | F927: =SUMPRODUCT((OFFSET($Q$348,0,0,$B$916-D927,1)-$B$915)*(OFFSET($Q$348,D927,0,$B$916-D927,1)-$B$915))/$B$916 -> 4.07034e-09 | G927: =E927*F927 -> 3.052755e-09 | L927: 1 | M927: =1-L927/($J$917+1) -> 0.75 | N927: =SUMPRODUCT((OFFSET($Q$348,0,0,$J$916-L927,1)-$J$915)*(OFFSET($Q$348,L927,0,$J$916-L927,1)-$J$915))/$J$916 -> 3.6572223e-09 | O927: =M927*N927 -> 2.7429167e-09
D928: 2 | E928: =1-D928/($B$917+1) -> 0.5 | F928: =SUMPRODUCT((OFFSET($Q$348,0,0,$B$916-D928,1)-$B$915)*(OFFSET($Q$348,D928,0,$B$916-D928,1)-$B$915))/$B$916 -> 1.1487083e-09 | G928: =E928*F928 -> 5.7435415e-10 | L928: 2 | M928: =1-L928/($J$917+1) -> 0.5 | N928: =SUMPRODUCT((OFFSET($Q$348,0,0,$J$916-L928,1)-$J$915)*(OFFSET($Q$348,L928,0,$J$916-L928,1)-$J$915))/$J$916 -> 1.0083323e-09 | O928: =M928*N928 -> 5.0416616e-10
D929: 3 | E929: =1-D929/($B$917+1) -> 0.25 | F929: =SUMPRODUCT((OFFSET($Q$348,0,0,$B$916-D929,1)-$B$915)*(OFFSET($Q$348,D929,0,$B$916-D929,1)-$B$915))/$B$916 -> 8.2985083e-11 | G929: =E929*F929 -> 2.0746271e-11 | L929: 3 | M929: =1-L929/($J$917+1) -> 0.25 | N929: =SUMPRODUCT((OFFSET($Q$348,0,0,$J$916-L929,1)-$J$915)*(OFFSET($Q$348,L929,0,$J$916-L929,1)-$J$915))/$J$916 -> 7.1170377e-12 | O929: =M929*N929 -> 1.7792594e-12

Sheet M2_h3
A1: date | B1: sp500_price | C1: D_12m | D1: sp500_log_total_return | E1: rfree | F1: log_equity_prem | G1: fwd_avg_log_eqprem (Y) | H1: usrec | I1: p_M2_h3 | J1: alpha | K1: beta | L1: forecast | M1: benchmark | N1: se_model | O1: se_benchmark | P1: rolling_R2_OS | Q1: clark_west_f
A2: 18718 | B2: 21.48 | C2: 1.52 | E2: 0.0011592468 | G2: =AVERAGE(F3:F5) -> -0.0034570368 | H2: 0
A3: 18748 | B3: 22.43 | C3: 1.53333 | D3: =LN((B3+C3/12)/B2) -> 0.048957672 | E3: 0.0012168233 | F3: =D3-E3 -> 0.047740849 | G3: =AVERAGE(F4:F6) -> 0.0042599535 | H3: 0
A4: 18779 | B4: 21.52 | C4: 1.54667 | D4: =LN((B4+C4/12)/B3) -> -0.035445197 | E4: 0.0012825803 | F4: =D4-E4 -> -0.036727777 | G4: =AVERAGE(F5:F7) -> 0.030724995 | H4: 0
A5: 18809 | B5: 20.959999 | C5: 1.56 | D5: =LN((B5+C5/12)/B4) -> -0.020183805 | E5: 0.0012003766 | F5: =D5-E5 -> -0.021384182 | G5: =AVERAGE(F6:F8) -> 0.038927431 | H5: 0
A6: 18840 | B6: 22.4 | C6: 1.54667 | D6: =LN((B6+C6/12)/B5) -> 0.072182616 | E6: 0.0012907966 | F6: =D6-E6 -> 0.070891819 | G6: =AVERAGE(F7:F9) -> 0.012045688 | H6: 0
A7: 18871 | B7: 23.280001 | C7: 1.53333 | D7: =LN((B7+C7/12)/B6) -> 0.044007426 | E7: 0.0013400788 | F7: =D7-E7 -> 0.042667348 | G7: =AVERAGE(F8:F10) -> -0.0017282897 | H7: 0
A8: 18901 | B8: 23.26 | C8: 1.52 | D8: =LN((B8+C8/12)/B7) -> 0.0045714168 | E8: 0.0013482899 | F8: =D8-E8 -> 0.0032231269 | G8: =AVERAGE(F9:F11) -> 0.011084614 | H8: 0
A9: 18932 | B9: 22.940001 | C9: 1.48333 | D9: =LN((B9+C9/12)/B8) -> -0.0084790469 | E9: 0.0012743633 | F9: =D9-E9 -> -0.0097534102 | G9: =AVERAGE(F10:F12) -> 0.020673734 | H9: 0
A10: 18962 | B10: 22.879999 | C10: 1.44667 | D10: =LN((B10+C10/12)/B9) -> 0.0026362108 | E10: 0.0012907966 | F10: =D10-E10 -> 0.0013454142 | G10: =AVERAGE(F11:F13) -> 0.0091096806 | H10: 0
A11: 18993 | B11: 23.77 | C11: 1.41 | D11: =LN((B11+C11/12)/B10) -> 0.043092199 | E11: 0.0014303602 | F11: =D11-E11 -> 0.041661839 | G11: =AVERAGE(F12:F14) -> 0.011937818 | H11: 0
A12: 19024 | B12: 24.139999 | C12: 1.41333 | D12: =LN((B12+C12/12)/B11) -> 0.020312962 | E12: 0.0012990121 | F12: =D12-E12 -> 0.01901395 | G12: =AVERAGE(F13:F15) -> -0.0078146705 | H12: 0
A13: 19053 | B13: 23.26 | C13: 1.41667 | D13: =LN((B13+C13/12)/B12) -> -0.032072383 | E13: 0.0012743633 | F13: =D13-E13 -> -0.033346746 | G13: =AVERAGE(F14:F16) -> 0.012143478 | H13: 0
A14: 19084 | B14: 24.370001 | C14: 1.42 | D14: =LN((B14+C14/12)/B13) -> 0.051461691 | E14: 0.001315441 | F14: =D14-E14 -> 0.05014625 | G14: =AVERAGE(F15:F17) -> 0.011592967 | H14: 0
... A167: 23742 | B167: 84.75 | C167: 2.5 | D167: =LN((B167+C167/12)/B166) -> 0.0063566216 | E167: 0.0031450242 | F167: =D167-E167 -> 0.0032115974 | G167: =AVERAGE(F168:F170) -> 0.0047373017 | H167: 0
A168: 23773 | B168: 87.559998 | C168: 2.51667 | D168: =LN((B168+C168/12)/B167) -> 0.035010821 | E168: 0.0031208697 | F168: =D168-E168 -> 0.031889951 | G168: =AVERAGE(F169:F171) -> 0.005056837 | H168: 0 | I168: 0.25697584
A169: 23801 | B169: 87.43 | C169: 2.53333 | D169: =LN((B169+C169/12)/B168) -> 0.00092594832 | E169: 0.003217449 | F169: =D169-E169 -> -0.0022915007 | G169: =AVERAGE(F170:F172) -> 0.0029804569 | H169: 0 | I169: 0.25075938
A170: 23832 | B170: 86.160004 | C170: 2.55 | D170: =LN((B170+C170/12)/B169) -> -0.012169096 | E170: 0.003217449 | F170: =D170-E170 -> -0.015386545 | G170: =AVERAGE(F171:F173) -> -0.0086854767 | H170: 0 | I170: 0.27349241
A171: 23862 | B171: 89.110001 | C171: 2.57 | D171: =LN((B171+C171/12)/B170) -> 0.036066006 | E171: 0.003217449 | F171: =D171-E171 -> 0.032848557 | G171: =AVERAGE(F172:F174) -> -0.015380651 | H171: 0 | I171: 0.29506458
A172: 23893 | B172: 88.419998 | C172: 2.59 | D172: =LN((B172+C172/12)/B171) -> -0.0053353739 | E172: 0.0031852673 | F172: =D172-E172 -> -0.0085206412 | G172: =AVERAGE(F173:F175) -> -0.0053234798 | H172: 0 | I172: 0.3381707
A173: 23923 | B173: 84.120003 | C173: 2.61 | D173: =LN((B173+C173/12)/B172) -> -0.047271529 | E173: 0.0031128168 | F173: =D173-E173 -> -0.050384346 | G173: =AVERAGE(F174:F176) -> 0.021723477 | H173: 0 | I173: 0.47749319
A174: 23954 | B174: 85.25 | C174: 2.62667 | D174: =LN((B174+C174/12)/B173) -> 0.015908057 | E174: 0.0031450242 | F174: =D174-E174 -> 0.012763033 | G174: =AVERAGE(F175:F177) -> 0.026167135 | H174: 0 | I174: 0.45618721
A175: 23985 | B175: 87.169998 | C175: 2.64333 | D175: =LN((B175+C175/12)/B174) -> 0.024795898 | E175: 0.0031450242 | F175: =D175-E175 -> 0.021650874 | G175: =AVERAGE(F176:F178) -> 0.015718192 | H175: 0 | I175: 0.52999445
A176: 24015 | B176: 89.959999 | C176: 2.66 | D176: =LN((B176+C176/12)/B175) -> 0.03396593 | E176: 0.0032094047 | F176: =D176-E176 -> 0.030756526 | G176: =AVERAGE(F177:F179) -> 0.0080599347 | H176: 0 | I176: 0.53617513
A177: 24046 | B177: 92.419998 | C177: 2.68 | D177: =LN((B177+C177/12)/B176) -> 0.029391858 | E177: 0.0032978538 | F177: =D177-E177 -> 0.026094004 | G177: =AVERAGE(F178:F180) -> 0.0005503468 | H177: 0 | I177: 0.51276842
A178: 24076 | B178: 91.610001 | C178: 2.7 | D178: =LN((B178+C178/12)/B177) -> -0.0063498904 | E178: 0.0033460626 | F178: =D178-E178 -> -0.009695953 | G178: =AVERAGE(F179:F181) -> -0.0026545712 | H178: 0 | I178: 0.4805912
A179: 24107 | B179: 92.43 | C179: 2.72 | D179: =LN((B179+C179/12)/B178) -> 0.011360466 | E179: 0.0035787134 | F179: =D179-E179 -> 0.0077817528 | G179: =AVERAGE(F180:F182) -> -0.0129854 | H179: 0 | I179: 0.37690155
... A347: 29220 | B347: 107.94 | C347: 5.65 | D347: =LN((B347+C347/12)/B346) -> 0.020980621 | E347: 0.0095188323 | F347: =D347-E347 -> 0.011461788 | G347: =AVERAGE(F348:F350) -> -0.024707055 | H347: 0 | I347: 0.47570797
A348: 29251 | B348: 114.16 | C348: 5.7 | D348: =LN((B348+C348/12)/B347) -> 0.06017766 | E348: 0.0094887929 | F348: =D348-E348 -> 0.050688867 | G348: =AVERAGE(F349:F351) -> -0.030101953 | H348: 0 | I348: 0.5293259 | J348: =INTERCEPT($G$168:G345,$I$168:I345) -> -0.00054161418 | K348: =SLOPE($G$168:G345,$I$168:I345) -> 0.00060886189 | L348: =J348+K348*I348 -> -0.00021932782 | M348: =AVERAGE($G$168:G345) -> -0.0003875976 | N348: =(L348-G348)^2 -> 0.00089297129 | O348: =(M348-G348)^2 -> 0.00088294292 | P348: =1-AVERAGE($N$348:N348)/AVERAGE($O$348:O348) -> -0.011357893 | Q348: =O348-N348+(M348-L348)^2 -> -1.0000056e-05
A349: 29280 | B349: 113.66 | C349: 5.75 | D349: =LN((B349+C349/12)/B348) -> -0.00018250906 | E349: 0.010132483 | F349: =D349-E349 -> -0.010314992 | G349: =AVERAGE(F350:F352) -> -0.01231675 | H349: 1 | I349: 0.59270315 | J349: =INTERCEPT($G$168:G346,$I$168:I346) -> -0.00058292571 | K349: =SLOPE($G$168:G346,$I$168:I346) -> 0.0011531513 | L349: =J349+K349*I349 -> 0.0001005507 | M349: =AVERAGE($G$168:G346) -> -0.00028890401 | N349: =(L349-G349)^2 -> 0.00015418935 | O349: =(M349-G349)^2 -> 0.00014466907 | P349: =1-AVERAGE($N$348:N349)/AVERAGE($O$348:O349) -> -0.019023375 | Q349: =O349-N349+(M349-L349)^2 -> -9.3686023e-06
A350: 29311 | B350: 102.09 | C350: 5.8 | D350: =LN((B350+C350/12)/B349) -> -0.10263361 | E350: 0.011861426 | F350: =D350-E350 -> -0.11449504 | G350: =AVERAGE(F351:F353) -> 0.034256976 | H350: 1 | I350: 0.72879371 | J350: =INTERCEPT($G$168:G347,$I$168:I347) -> -0.00059976516 | K350: =SLOPE($G$168:G347,$I$168:I347) -> 0.00068386289 | L350: =J350+K350*I350 -> -0.0001013702 | M350: =AVERAGE($G$168:G347) -> -0.00042456041 | N350: =(L350-G350)^2 -> 0.001180496 | O350: =(M350-G350)^2 -> 0.001202809 | P350: =1-AVERAGE($N$348:N350)/AVERAGE($O$348:O350) -> 0.0012393921 | Q350: =O350-N350+(M350-L350)^2 -> 2.2417466e-05
A351: 29341 | B351: 106.29 | C351: 5.84667 | D351: =LN((B351+C351/12)/B350) -> 0.044889899 | E351: 0.010385726 | F351: =D351-E351 -> 0.034504172 | G351: =AVERAGE(F352:F354) -> 0.042962265 | H351: 1 | I351: 0.85840409 | J351: =INTERCEPT($G$168:G348,$I$168:I348) -> -0.00058478059 | K351: =SLOPE($G$168:G348,$I$168:I348) -> -1.4525421e-05 | L351: =J351+K351*I351 -> -0.00059724927 | M351: =AVERAGE($G$168:G348) -> -0.0005885239 | N351: =(L351-G351)^2 -> 0.0018974313 | O351: =(M351-G351)^2 -> 0.0018966712 | P351: =1-AVERAGE($N$348:N351)/AVERAGE($O$348:O351) -> 0.00048564378 | Q351: =O351-N351+(M351-L351)^2 -> -7.5999337e-07
A352: 29372 | B352: 111.24 | C352: 5.89333 | D352: =LN((B352+C352/12)/B351) -> 0.049923953 | E352: 0.0068833355 | F352: =D352-E352 -> 0.043040618 | G352: =AVERAGE(F353:F355) -> 0.02948423 | H352: 1 | I352: 0.97637379 | J352: =INTERCEPT($G$168:G349,$I$168:I349) -> -0.00056274749 | K352: =SLOPE($G$168:G349,$I$168:I349) -> -0.00034759319 | L352: =J352+K352*I352 -> -0.00090212837 | M352: =AVERAGE($G$168:G349) -> -0.0006529647 | N352: =(L352-G352)^2 -> 0.0009233308 | O352: =(M352-G352)^2 -> 0.00090825053 | P352: =1-AVERAGE($N$348:N352)/AVERAGE($O$348:O352) -> -0.0025968389 | Q352: =O352-N352+(M352-L352)^2 -> -1.5018188e-05
A353: 29402 | B353: 114.24 | C353: 5.94 | D353: =LN((B353+C353/12)/B352) -> 0.030935093 | E353: 0.0057089543 | F353: =D353-E353 -> 0.025226138 | G353: =AVERAGE(F354:F356) -> 0.02797541 | H353: 1 | I353: 0.99137051 | J353: =INTERCEPT($G$168:G350,$I$168:I350) -> -0.00073024518 | K353: =SLOPE($G$168:G350,$I$168:I350) -> 0.0010226342 | L353: =J353+K353*I353 -> 0.00028356423 | M353: =AVERAGE($G$168:G350) -> -0.0004622 | N353: =(L353-G353)^2 -> 0.00076683834 | O353: =(M353-G353)^2 -> 0.00080869768 | P353: =1-AVERAGE($N$348:N353)/AVERAGE($O$348:O353) -> 0.0049252512 | Q353: =O353-N353+(M353-L353)^2 -> 4.2415505e-05
A354: 29433 | B354: 121.67 | C354: 5.98333 | D354: =LN((B354+C354/12)/B353) -> 0.067100652 | E354: 0.0064806124 | F354: =D354-E354 -> 0.060620039 | G354: =AVERAGE(F355:F357) -> 0.011325759 | H354: 1 | I354: 0.87683408 | J354: =INTERCEPT($G$168:G351,$I$168:I351) -> -0.0010453763 | K354: =SLOPE($G$168:G351,$I$168:I351) -> 0.0030871265 | L354: =J354+K354*I354 -> 0.0016615214 | M354: =AVERAGE($G$168:G351) -> -0.00022619747 | N354: =(L354-G354)^2 -> 9.3397489e-05 | O354: =(M354-G354)^2 -> 0.0001334477 | P354: =1-AVERAGE($N$348:N354)/AVERAGE($O$348:O354) -> 0.011515469 | Q354: =O354-N354+(M354-L354)^2 -> 4.3613693e-05
A355: 29464 | B355: 122.38 | C355: 6.02667 | D355: =LN((B355+C355/12)/B354) -> 0.0099138869 | E355: 0.0073073733 | F355: =D355-E355 -> 0.0026065135 | G355: =AVERAGE(F356:F358) -> 0.040563061 | H355: 0 | I355: 0.89749824 | J355: =INTERCEPT($G$168:G352,$I$168:I352) -> -0.0013058114 | K355: =SLOPE($G$168:G352,$I$168:I352) -> 0.0046070833 | L355: =J355+K355*I355 -> 0.0028290377 | M355: =AVERAGE($G$168:G352) -> -6.5600564e-05 | N355: =(L355-G355)^2 -> 0.0014238566 | O355: =(M355-G355)^2 -> 0.0016506882 | P355: =1-AVERAGE($N$348:N355)/AVERAGE($O$348:O355) -> 0.038759619 | Q355: =O355-N355+(M355-L355)^2 -> 0.00023521056
A356: 29494 | B356: 125.46 | C356: 6.07 | D356: =LN((B356+C356/12)/B355) -> 0.028879763 | E356: 0.0081800854 | F356: =D356-E356 -> 0.020699678 | G356: =AVERAGE(F357:F359) -> 0.019409611 | H356: 0 | I356: 0.99934751 | J356: =INTERCEPT($G$168:G353,$I$168:I353) -> -0.0015368618 | K356: =SLOPE($G$168:G353,$I$168:I353) -> 0.0059397398 | L356: =J356+K356*I356 -> 0.0043990024 | M356: =AVERAGE($G$168:G353) -> 8.5157558e-05 | N356: =(L356-G356)^2 -> 0.00022531836 | O356: =(M356-G356)^2 -> 0.00037343448 | P356: =1-AVERAGE($N$348:N356)/AVERAGE($O$348:O356) -> 0.0554615 | Q356: =O356-N356+(M356-L356)^2 -> 0.00016672538
A357: 29525 | B357: 127.47 | C357: 6.1 | D357: =LN((B357+C357/12)/B356) -> 0.019874013 | E357: 0.0092029272 | F357: =D357-E357 -> 0.010671086 | G357: =AVERAGE(F358:F360) -> -0.0023377499 | H357: 0 | I357: 0.99644275 | J357: =INTERCEPT($G$168:G354,$I$168:I354) -> -0.0015887513 | K357: =SLOPE($G$168:G354,$I$168:I354) -> 0.0062756782 | L357: =J357+K357*I357 -> 0.0046646028 | M357: =AVERAGE($G$168:G354) -> 0.00014526773 | N357: =(L357-G357)^2 -> 4.9032943e-05 | O357: =(M357-G357)^2 -> 6.1653766e-06 | P357: =1-AVERAGE($N$348:N357)/AVERAGE($O$348:O357) -> 0.050065556 | Q357: =O357-N357+(M357-L357)^2 -> -2.2443177e-05
A358: 29555 | B358: 140.52 | C358: 6.13 | D358: =LN((B358+C358/12)/B357) -> 0.10109752 | E358: 0.0107791 | F358: =D358-E358 -> 0.090318421 | G358: =AVERAGE(F359:F361) -> -0.030583218 | H358: 0 | I358: 0.0099991603 | J358: =INTERCEPT($G$168:G355,$I$168:I355) -> -0.0018430244 | K358: =SLOPE($G$168:G355,$I$168:I355) -> 0.0078797766 | L358: =J358+K358*I358 -> -0.0017642332 | M358: =AVERAGE($G$168:G355) -> 0.00036025599 | N358: =(L358-G358)^2 -> 0.00083053387 | O358: =(M358-G358)^2 -> 0.00095749857 | P358: =1-AVERAGE($N$348:N358)/AVERAGE($O$348:O358) -> 0.058880345 | Q358: =O358-N358+(M358-L358)^2 -> 0.00013147815
A359: 29586 | B359: 135.75999 | C359: 6.16 | D359: =LN((B359+C359/12)/B358) -> -0.030687225 | E359: 0.012073449 | F359: =D359-E359 -> -0.042760675 | G359: =AVERAGE(F360:F362) -> -0.0067514666 | H359: 0 | I359: 4.0705495e-05 | J359: =INTERCEPT($G$168:G356,$I$168:I356) -> -0.0019583925 | K359: =SLOPE($G$168:G356,$I$168:I356) -> 0.0085365796 | L359: =J359+K359*I359 -> -0.001958045 | M359: =AVERAGE($G$168:G356) -> 0.00046104623 | N359: =(L359-G359)^2 -> 2.297689e-05 | O359: =(M359-G359)^2 -> 5.2020341e-05 | P359: =1-AVERAGE($N$348:N359)/AVERAGE($O$348:O359) -> 0.061761527 | Q359: =O359-N359+(M359-L359)^2 -> 3.4895453e-05
... A899: 46022 | B899: 6845.5 | C899: 79.52 | D899: =LN((B899+C899/12)/B898) -> 0.00044329246 | E899: 0.0029435416 | F899: =D899-E899 -> -0.0025002491 | G899: =AVERAGE(F900:F902) -> -0.017770432 | H899: 0 | I899: 0.31255966 | J899: =INTERCEPT($G$168:G896,$I$168:I896) -> 0.0062257158 | K899: =SLOPE($G$168:G896,$I$168:I896) -> -0.0092539366 | L899: =J899+K899*I899 -> 0.0033333086 | M899: =AVERAGE($G$168:G896) -> 0.0046562618 | N899: =(L899-G899)^2 -> 0.00044536788 | O899: =(M899-G899)^2 -> 0.00050295661 | P899: =1-AVERAGE($N$348:N899)/AVERAGE($O$348:O899) -> 0.0019119895 | Q899: =O899-N899+(M899-L899)^2 -> 5.9338933e-05
A900: 46053 | B900: 6939.0298 | C900: 79.61 | D900: =LN((B900+C900/12)/B899) -> 0.014526071 | E900: 0.0029274037 | F900: =D900-E900 -> 0.011598667 | H900: 0 | I900: 0.32413085 | J900: =INTERCEPT($G$168:G897,$I$168:I897) -> 0.0062252179 | K900: =SLOPE($G$168:G897,$I$168:I897) -> -0.0092563708 | L900: =J900+K900*I900 -> 0.0032249427 | M900: =AVERAGE($G$168:G897) -> 0.0046536565
A901: 46081 | B901: 6878.8799 | C901: 79.7 | D901: =LN((B901+C901/12)/B900) -> -0.0077410835 | E901: 0.0029516094 | F901: =D901-E901 -> -0.010692693 | H901: 0 | I901: 0.3082507 | J901: =INTERCEPT($G$168:G898,$I$168:I898) -> 0.0062216781 | K901: =SLOPE($G$168:G898,$I$168:I898) -> -0.0092690071 | L901: =J901+K901*I901 -> 0.0033645001 | M901: =AVERAGE($G$168:G898) -> 0.0046465634
A902: 46112 | B902: 6528.52 | C902: 79.79 | D902: =LN((B902+C902/12)/B901) -> -0.051257595 | E902: 0.0029596766 | F902: =D902-E902 -> -0.054217272 | H902: 0 | I902: 0.3037439 | J902: =INTERCEPT($G$168:G899,$I$168:I899) -> 0.0062068646 | K902: =SLOPE($G$168:G899,$I$168:I899) -> -0.0093513259 | L902: =J902+K902*I902 -> 0.0033664564 | M902: =AVERAGE($G$168:G899) -> 0.0046159391
A905: M&S-Fenster (1980-01 bis 2019-12) - Replikation | I905: Full-Fenster (1980-01 bis 2026-03) - Sample-Erweiterung
A906: Spec | B906: M2 | I906: Spec | J906: M2
A907: Horizont h | B907: 3 | I907: Horizont h | J907: 3
A908: OOS-Start | B908: 1980-01 | I908: OOS-Start | J908: 1980-01
A909: OOS-Ende | B909: 2019-12 | I909: OOS-Ende | J909: letzter Monat mit realisiertem Y
A910: n Forecast-Monate | B910: =COUNT(Q348:Q827) -> 480 | I910: n Forecast-Monate | J910: =COUNT(Q348:Q899) -> 552
A912: R²_OS (Campbell-Thompson) | B912: =1-AVERAGE(N348:N827)/AVERAGE(O348:O827) -> 0.013808839 | I912: R²_OS (Campbell-Thompson) | J912: =1-AVERAGE(N348:N899)/AVERAGE(O348:O899) -> 0.0019119895
A914: Clark-West-Test (Newey-West HAC, Bartlett-Kernel, L = h = 3) | I914: Clark-West-Test (Newey-West HAC, Bartlett-Kernel, L = h = 3)
A915: f-quer (Mittelwert) | B915: =AVERAGE(Q348:Q827) -> 1.1972975e-05 | I915: f-quer (Mittelwert) | J915: =AVERAGE(Q348:Q899) -> 4.6555314e-06
A916: n | B916: =COUNT(Q348:Q827) -> 480 | I916: n | J916: =COUNT(Q348:Q899) -> 552
A917: HAC-Lag L (= h) | B917: 3 | I917: HAC-Lag L (= h) | J917: 3
A918: gamma_0 (Varianz) | B918: =SUMPRODUCT((Q348:Q827-$B$915)^2)/$B$916 -> 8.5460986e-09 | I918: gamma_0 (Varianz) | J918: =SUMPRODUCT((Q348:Q899-$J$915)^2)/$J$916 -> 1.0272782e-08
A919: NW LRV | B919: =$B$918+2*SUM(G927:G929) -> 1.8528007e-08 | I919: NW LRV | J919: =$J$918+2*SUM(O927:O929) -> 2.2258798e-08
A920: HAC SE | B920: =SQRT($B$919/$B$916) -> 6.212891e-06 | I920: HAC SE | J920: =SQRT($J$919/$J$916) -> 6.350111e-06
A921: z-Statistik | B921: =$B$915/$B$920 -> 1.9271182 | I921: z-Statistik | J921: =$J$915/$J$920 -> 0.73314174
A922: p-Wert (einseitig) | B922: =1-_xlfn.NORM.S.DIST($B$921,TRUE) -> 0.026982449 | I922: p-Wert (einseitig) | J922: =1-_xlfn.NORM.S.DIST($J$921,TRUE) -> 0.23173599
A923: Signifikanz | B923: =IF($B$921>2.326,"*** (1%)",IF($B$921>1.645,"** (5%)",IF($B$921>1.282,"* (10%)","n.s."))) -> ** (5%) | I923: Signifikanz | J923: =IF($J$921>2.326,"*** (1%)",IF($J$921>1.645,"** (5%)",IF($J$921>1.282,"* (10%)","n.s."))) -> n.s.
D926: k | E926: w_k (Bartlett) | F926: gamma_k | G926: w_k * gamma_k | L926: k | M926: w_k (Bartlett) | N926: gamma_k | O926: w_k * gamma_k
D927: 1 | E927: =1-D927/($B$917+1) -> 0.75 | F927: =SUMPRODUCT((OFFSET($Q$348,0,0,$B$916-D927,1)-$B$915)*(OFFSET($Q$348,D927,0,$B$916-D927,1)-$B$915))/$B$916 -> 5.4256053e-09 | G927: =E927*F927 -> 4.069204e-09 | L927: 1 | M927: =1-L927/($J$917+1) -> 0.75 | N927: =SUMPRODUCT((OFFSET($Q$348,0,0,$J$916-L927,1)-$J$915)*(OFFSET($Q$348,L927,0,$J$916-L927,1)-$J$915))/$J$916 -> 6.7265485e-09 | O927: =M927*N927 -> 5.0449113e-09
D928: 2 | E928: =1-D928/($B$917+1) -> 0.5 | F928: =SUMPRODUCT((OFFSET($Q$348,0,0,$B$916-D928,1)-$B$915)*(OFFSET($Q$348,D928,0,$B$916-D928,1)-$B$915))/$B$916 -> 1.8994684e-09 | G928: =E928*F928 -> 9.4973418e-10 | L928: 2 | M928: =1-L928/($J$917+1) -> 0.5 | N928: =SUMPRODUCT((OFFSET($Q$348,0,0,$J$916-L928,1)-$J$915)*(OFFSET($Q$348,L928,0,$J$916-L928,1)-$J$915))/$J$916 -> 2.2405945e-09 | O928: =M928*N928 -> 1.1202972e-09
D929: 3 | E929: =1-D929/($B$917+1) -> 0.25 | F929: =SUMPRODUCT((OFFSET($Q$348,0,0,$B$916-D929,1)-$B$915)*(OFFSET($Q$348,D929,0,$B$916-D929,1)-$B$915))/$B$916 -> -1.1193611e-10 | G929: =E929*F929 -> -2.7984027e-11 | L929: 3 | M929: =1-L929/($J$917+1) -> 0.25 | N929: =SUMPRODUCT((OFFSET($Q$348,0,0,$J$916-L929,1)-$J$915)*(OFFSET($Q$348,L929,0,$J$916-L929,1)-$J$915))/$J$916 -> -6.8880241e-10 | O929: =M929*N929 -> -1.722006e-10

Sheet M3_h3
A1: date | B1: sp500_price | C1: D_12m | D1: sp500_log_total_return | E1: rfree | F1: log_equity_prem | G1: fwd_avg_log_eqprem (Y) | H1: usrec | I1: p_M3_h3 | J1: alpha | K1: beta | L1: forecast | M1: benchmark | N1: se_model | O1: se_benchmark | P1: rolling_R2_OS | Q1: clark_west_f
A2: 18718 | B2: 21.48 | C2: 1.52 | E2: 0.0011592468 | G2: =AVERAGE(F3:F5) -> -0.0034570368 | H2: 0
A3: 18748 | B3: 22.43 | C3: 1.53333 | D3: =LN((B3+C3/12)/B2) -> 0.048957672 | E3: 0.0012168233 | F3: =D3-E3 -> 0.047740849 | G3: =AVERAGE(F4:F6) -> 0.0042599535 | H3: 0
A4: 18779 | B4: 21.52 | C4: 1.54667 | D4: =LN((B4+C4/12)/B3) -> -0.035445197 | E4: 0.0012825803 | F4: =D4-E4 -> -0.036727777 | G4: =AVERAGE(F5:F7) -> 0.030724995 | H4: 0
A5: 18809 | B5: 20.959999 | C5: 1.56 | D5: =LN((B5+C5/12)/B4) -> -0.020183805 | E5: 0.0012003766 | F5: =D5-E5 -> -0.021384182 | G5: =AVERAGE(F6:F8) -> 0.038927431 | H5: 0
A6: 18840 | B6: 22.4 | C6: 1.54667 | D6: =LN((B6+C6/12)/B5) -> 0.072182616 | E6: 0.0012907966 | F6: =D6-E6 -> 0.070891819 | G6: =AVERAGE(F7:F9) -> 0.012045688 | H6: 0
A7: 18871 | B7: 23.280001 | C7: 1.53333 | D7: =LN((B7+C7/12)/B6) -> 0.044007426 | E7: 0.0013400788 | F7: =D7-E7 -> 0.042667348 | G7: =AVERAGE(F8:F10) -> -0.0017282897 | H7: 0
A8: 18901 | B8: 23.26 | C8: 1.52 | D8: =LN((B8+C8/12)/B7) -> 0.0045714168 | E8: 0.0013482899 | F8: =D8-E8 -> 0.0032231269 | G8: =AVERAGE(F9:F11) -> 0.011084614 | H8: 0
A9: 18932 | B9: 22.940001 | C9: 1.48333 | D9: =LN((B9+C9/12)/B8) -> -0.0084790469 | E9: 0.0012743633 | F9: =D9-E9 -> -0.0097534102 | G9: =AVERAGE(F10:F12) -> 0.020673734 | H9: 0
A10: 18962 | B10: 22.879999 | C10: 1.44667 | D10: =LN((B10+C10/12)/B9) -> 0.0026362108 | E10: 0.0012907966 | F10: =D10-E10 -> 0.0013454142 | G10: =AVERAGE(F11:F13) -> 0.0091096806 | H10: 0
A11: 18993 | B11: 23.77 | C11: 1.41 | D11: =LN((B11+C11/12)/B10) -> 0.043092199 | E11: 0.0014303602 | F11: =D11-E11 -> 0.041661839 | G11: =AVERAGE(F12:F14) -> 0.011937818 | H11: 0
A12: 19024 | B12: 24.139999 | C12: 1.41333 | D12: =LN((B12+C12/12)/B11) -> 0.020312962 | E12: 0.0012990121 | F12: =D12-E12 -> 0.01901395 | G12: =AVERAGE(F13:F15) -> -0.0078146705 | H12: 0
A13: 19053 | B13: 23.26 | C13: 1.41667 | D13: =LN((B13+C13/12)/B12) -> -0.032072383 | E13: 0.0012743633 | F13: =D13-E13 -> -0.033346746 | G13: =AVERAGE(F14:F16) -> 0.012143478 | H13: 0
A14: 19084 | B14: 24.370001 | C14: 1.42 | D14: =LN((B14+C14/12)/B13) -> 0.051461691 | E14: 0.001315441 | F14: =D14-E14 -> 0.05014625 | G14: =AVERAGE(F15:F17) -> 0.011592967 | H14: 0
... A167: 23742 | B167: 84.75 | C167: 2.5 | D167: =LN((B167+C167/12)/B166) -> 0.0063566216 | E167: 0.0031450242 | F167: =D167-E167 -> 0.0032115974 | G167: =AVERAGE(F168:F170) -> 0.0047373017 | H167: 0
A168: 23773 | B168: 87.559998 | C168: 2.51667 | D168: =LN((B168+C168/12)/B167) -> 0.035010821 | E168: 0.0031208697 | F168: =D168-E168 -> 0.031889951 | G168: =AVERAGE(F169:F171) -> 0.005056837 | H168: 0 | I168: 0.36068181
A169: 23801 | B169: 87.43 | C169: 2.53333 | D169: =LN((B169+C169/12)/B168) -> 0.00092594832 | E169: 0.003217449 | F169: =D169-E169 -> -0.0022915007 | G169: =AVERAGE(F170:F172) -> 0.0029804569 | H169: 0 | I169: 0.39394099
A170: 23832 | B170: 86.160004 | C170: 2.55 | D170: =LN((B170+C170/12)/B169) -> -0.012169096 | E170: 0.003217449 | F170: =D170-E170 -> -0.015386545 | G170: =AVERAGE(F171:F173) -> -0.0086854767 | H170: 0 | I170: 0.42371372
A171: 23862 | B171: 89.110001 | C171: 2.57 | D171: =LN((B171+C171/12)/B170) -> 0.036066006 | E171: 0.003217449 | F171: =D171-E171 -> 0.032848557 | G171: =AVERAGE(F172:F174) -> -0.015380651 | H171: 0 | I171: 0.45255581
A172: 23893 | B172: 88.419998 | C172: 2.59 | D172: =LN((B172+C172/12)/B171) -> -0.0053353739 | E172: 0.0031852673 | F172: =D172-E172 -> -0.0085206412 | G172: =AVERAGE(F173:F175) -> -0.0053234798 | H172: 0 | I172: 0.48087622
A173: 23923 | B173: 84.120003 | C173: 2.61 | D173: =LN((B173+C173/12)/B172) -> -0.047271529 | E173: 0.0031128168 | F173: =D173-E173 -> -0.050384346 | G173: =AVERAGE(F174:F176) -> 0.021723477 | H173: 0 | I173: 0.50761527
A174: 23954 | B174: 85.25 | C174: 2.62667 | D174: =LN((B174+C174/12)/B173) -> 0.015908057 | E174: 0.0031450242 | F174: =D174-E174 -> 0.012763033 | G174: =AVERAGE(F175:F177) -> 0.026167135 | H174: 0 | I174: 0.53374664
A175: 23985 | B175: 87.169998 | C175: 2.64333 | D175: =LN((B175+C175/12)/B174) -> 0.024795898 | E175: 0.0031450242 | F175: =D175-E175 -> 0.021650874 | G175: =AVERAGE(F176:F178) -> 0.015718192 | H175: 0 | I175: 0.55768054
A176: 24015 | B176: 89.959999 | C176: 2.66 | D176: =LN((B176+C176/12)/B175) -> 0.03396593 | E176: 0.0032094047 | F176: =D176-E176 -> 0.030756526 | G176: =AVERAGE(F177:F179) -> 0.0080599347 | H176: 0 | I176: 0.58327562
A177: 24046 | B177: 92.419998 | C177: 2.68 | D177: =LN((B177+C177/12)/B176) -> 0.029391858 | E177: 0.0032978538 | F177: =D177-E177 -> 0.026094004 | G177: =AVERAGE(F178:F180) -> 0.0005503468 | H177: 0 | I177: 0.61267996
A178: 24076 | B178: 91.610001 | C178: 2.7 | D178: =LN((B178+C178/12)/B177) -> -0.0063498904 | E178: 0.0033460626 | F178: =D178-E178 -> -0.009695953 | G178: =AVERAGE(F179:F181) -> -0.0026545712 | H178: 0 | I178: 0.6377475
A179: 24107 | B179: 92.43 | C179: 2.72 | D179: =LN((B179+C179/12)/B178) -> 0.011360466 | E179: 0.0035787134 | F179: =D179-E179 -> 0.0077817528 | G179: =AVERAGE(F180:F182) -> -0.0129854 | H179: 0 | I179: 0.66717697
... A347: 29220 | B347: 107.94 | C347: 5.65 | D347: =LN((B347+C347/12)/B346) -> 0.020980621 | E347: 0.0095188323 | F347: =D347-E347 -> 0.011461788 | G347: =AVERAGE(F348:F350) -> -0.024707055 | H347: 0 | I347: 0.51911167
A348: 29251 | B348: 114.16 | C348: 5.7 | D348: =LN((B348+C348/12)/B347) -> 0.06017766 | E348: 0.0094887929 | F348: =D348-E348 -> 0.050688867 | G348: =AVERAGE(F349:F351) -> -0.030101953 | H348: 0 | I348: 0.39025257 | J348: =INTERCEPT($G$168:G345,$I$168:I345) -> -0.0034457233 | K348: =SLOPE($G$168:G345,$I$168:I345) -> 0.010308085 | L348: =J348+K348*I348 -> 0.00057703331 | M348: =AVERAGE($G$168:G345) -> -0.0003875976 | N348: =(L348-G348)^2 -> 0.00094120021 | O348: =(M348-G348)^2 -> 0.00088294292 | P348: =1-AVERAGE($N$348:N348)/AVERAGE($O$348:O348) -> -0.065980804 | Q348: =O348-N348+(M348-L348)^2 -> -5.7326772e-05
A349: 29280 | B349: 113.66 | C349: 5.75 | D349: =LN((B349+C349/12)/B348) -> -0.00018250906 | E349: 0.010132483 | F349: =D349-E349 -> -0.010314992 | G349: =AVERAGE(F350:F352) -> -0.01231675 | H349: 1 | I349: 0.42477118 | J349: =INTERCEPT($G$168:G346,$I$168:I346) -> -0.0034220597 | K349: =SLOPE($G$168:G346,$I$168:I346) -> 0.010526489 | L349: =J349+K349*I349 -> 0.0010492896 | M349: =AVERAGE($G$168:G346) -> -0.00028890401 | N349: =(L349-G349)^2 -> 0.00017865101 | O349: =(M349-G349)^2 -> 0.00014466907 | P349: =1-AVERAGE($N$348:N349)/AVERAGE($O$348:O349) -> -0.089760745 | Q349: =O349-N349+(M349-L349)^2 -> -3.2191172e-05
A350: 29311 | B350: 102.09 | C350: 5.8 | D350: =LN((B350+C350/12)/B349) -> -0.10263361 | E350: 0.011861426 | F350: =D350-E350 -> -0.11449504 | G350: =AVERAGE(F351:F353) -> 0.034256976 | H350: 1 | I350: 0.68917895 | J350: =INTERCEPT($G$168:G347,$I$168:I347) -> -0.0034312236 | K350: =SLOPE($G$168:G347,$I$168:I347) -> 0.010059927 | L350: =J350+K350*I350 -> 0.003501866 | M350: =AVERAGE($G$168:G347) -> -0.00042456041 | N350: =(L350-G350)^2 -> 0.0009458768 | O350: =(M350-G350)^2 -> 0.001202809 | P350: =1-AVERAGE($N$348:N350)/AVERAGE($O$348:O350) -> 0.073839407 | Q350: =O350-N350+(M350-L350)^2 -> 0.000272349
A351: 29341 | B351: 106.29 | C351: 5.84667 | D351: =LN((B351+C351/12)/B350) -> 0.044889899 | E351: 0.010385726 | F351: =D351-E351 -> 0.034504172 | G351: =AVERAGE(F352:F354) -> 0.042962265 | H351: 1 | I351: 0.66512938 | J351: =INTERCEPT($G$168:G348,$I$168:I348) -> -0.0035343863 | K351: =SLOPE($G$168:G348,$I$168:I348) -> 0.0098398737 | L351: =J351+K351*I351 -> 0.0030104027 | M351: =AVERAGE($G$168:G348) -> -0.0005885239 | N351: =(L351-G351)^2 -> 0.0015961513 | O351: =(M351-G351)^2 -> 0.0018966712 | P351: =1-AVERAGE($N$348:N351)/AVERAGE($O$348:O351) -> 0.11272171 | Q351: =O351-N351+(M351-L351)^2 -> 0.00031347219
A352: 29372 | B352: 111.24 | C352: 5.89333 | D352: =LN((B352+C352/12)/B351) -> 0.049923953 | E352: 0.0068833355 | F352: =D352-E352 -> 0.043040618 | G352: =AVERAGE(F353:F355) -> 0.02948423 | H352: 1 | I352: 0.15467764 | J352: =INTERCEPT($G$168:G349,$I$168:I349) -> -0.0035672664 | K352: =SLOPE($G$168:G349,$I$168:I349) -> 0.0097121029 | L352: =J352+K352*I352 -> -0.0020650212 | M352: =AVERAGE($G$168:G349) -> -0.0006529647 | N352: =(L352-G352)^2 -> 0.00099535528 | O352: =(M352-G352)^2 -> 0.00090825053 | P352: =1-AVERAGE($N$348:N352)/AVERAGE($O$348:O352) -> 0.075090842 | Q352: =O352-N352+(M352-L352)^2 -> -8.5110847e-05
A353: 29402 | B353: 114.24 | C353: 5.94 | D353: =LN((B353+C353/12)/B352) -> 0.030935093 | E353: 0.0057089543 | F353: =D353-E353 -> 0.025226138 | G353: =AVERAGE(F354:F356) -> 0.02797541 | H353: 1 | I353: 0.075887894 | J353: =INTERCEPT($G$168:G350,$I$168:I350) -> -0.0036815438 | K353: =SLOPE($G$168:G350,$I$168:I350) -> 0.010653188 | L353: =J353+K353*I353 -> -0.0028730958 | M353: =AVERAGE($G$168:G350) -> -0.0004622 | N353: =(L353-G353)^2 -> 0.00095163033 | O353: =(M353-G353)^2 -> 0.00080869768 | P353: =1-AVERAGE($N$348:N353)/AVERAGE($O$348:O353) -> 0.040241932 | Q353: =O353-N353+(M353-L353)^2 -> -0.00013712023
A354: 29433 | B354: 121.67 | C354: 5.98333 | D354: =LN((B354+C354/12)/B353) -> 0.067100652 | E354: 0.0064806124 | F354: =D354-E354 -> 0.060620039 | G354: =AVERAGE(F355:F357) -> 0.011325759 | H354: 1 | I354: 0.092261816 | J354: =INTERCEPT($G$168:G351,$I$168:I351) -> -0.0038023944 | K354: =SLOPE($G$168:G351,$I$168:I351) -> 0.011757315 | L354: =J354+K354*I354 -> -0.0027176431 | M354: =AVERAGE($G$168:G351) -> -0.00022619747 | N354: =(L354-G354)^2 -> 0.00019721715 | O354: =(M354-G354)^2 -> 0.0001334477 | P354: =1-AVERAGE($N$348:N354)/AVERAGE($O$348:O354) -> 0.028675261 | Q354: =O354-N354+(M354-L354)^2 -> -5.7562144e-05
A355: 29464 | B355: 122.38 | C355: 6.02667 | D355: =LN((B355+C355/12)/B354) -> 0.0099138869 | E355: 0.0073073733 | F355: =D355-E355 -> 0.0026065135 | G355: =AVERAGE(F356:F358) -> 0.040563061 | H355: 0 | I355: 0.11776888 | J355: =INTERCEPT($G$168:G352,$I$168:I352) -> -0.0035227339 | K355: =SLOPE($G$168:G352,$I$168:I352) -> 0.01139615 | L355: =J355+K355*I355 -> -0.0021806221 | M355: =AVERAGE($G$168:G352) -> -6.5600564e-05 | N355: =(L355-G355)^2 -> 0.0018270225 | O355: =(M355-G355)^2 -> 0.0016506882 | P355: =1-AVERAGE($N$348:N355)/AVERAGE($O$348:O355) -> -0.00064606263 | Q355: =O355-N355+(M355-L355)^2 -> -0.00017186099
A356: 29494 | B356: 125.46 | C356: 6.07 | D356: =LN((B356+C356/12)/B355) -> 0.028879763 | E356: 0.0081800854 | F356: =D356-E356 -> 0.020699678 | G356: =AVERAGE(F357:F359) -> 0.019409611 | H356: 0 | I356: 0.17282807 | J356: =INTERCEPT($G$168:G353,$I$168:I353) -> -0.0031970336 | K356: =SLOPE($G$168:G353,$I$168:I353) -> 0.010863262 | L356: =J356+K356*I356 -> -0.001319557 | M356: =AVERAGE($G$168:G353) -> 8.5157558e-05 | N356: =(L356-G356)^2 -> 0.00042969839 | O356: =(M356-G356)^2 -> 0.00037343448 | P356: =1-AVERAGE($N$348:N356)/AVERAGE($O$348:O356) -> -0.0076474831 | Q356: =O356-N356+(M356-L356)^2 -> -5.4290681e-05
A357: 29525 | B357: 127.47 | C357: 6.1 | D357: =LN((B357+C357/12)/B356) -> 0.019874013 | E357: 0.0092029272 | F357: =D357-E357 -> 0.010671086 | G357: =AVERAGE(F358:F360) -> -0.0023377499 | H357: 0 | I357: 0.26560713 | J357: =INTERCEPT($G$168:G354,$I$168:I354) -> -0.0030596273 | K357: =SLOPE($G$168:G354,$I$168:I354) -> 0.01064698 | L357: =J357+K357*I357 -> -0.00023171349 | M357: =AVERAGE($G$168:G354) -> 0.00014526773 | N357: =(L357-G357)^2 -> 4.4353895e-06 | O357: =(M357-G357)^2 -> 6.1653766e-06 | P357: =1-AVERAGE($N$348:N357)/AVERAGE($O$348:O357) -> -0.0074255567 | Q357: =O357-N357+(M357-L357)^2 -> 1.872102e-06
A358: 29555 | B358: 140.52 | C358: 6.13 | D358: =LN((B358+C358/12)/B357) -> 0.10109752 | E358: 0.0107791 | F358: =D358-E358 -> 0.090318421 | G358: =AVERAGE(F359:F361) -> -0.030583218 | H358: 0 | I358: 0.5508777 | J358: =INTERCEPT($G$168:G355,$I$168:I355) -> -0.0026571578 | K358: =SLOPE($G$168:G355,$I$168:I355) -> 0.010056713 | L358: =J358+K358*I358 -> 0.0028828612 | M358: =AVERAGE($G$168:G355) -> 0.00036025599 | N358: =(L358-G358)^2 -> 0.0011199784 | O358: =(M358-G358)^2 -> 0.00095749857 | P358: =1-AVERAGE($N$348:N358)/AVERAGE($O$348:O358) -> -0.024755747 | Q358: =O358-N358+(M358-L358)^2 -> -0.00015611634
A359: 29586 | B359: 135.75999 | C359: 6.16 | D359: =LN((B359+C359/12)/B358) -> -0.030687225 | E359: 0.012073449 | F359: =D359-E359 -> -0.042760675 | G359: =AVERAGE(F360:F362) -> -0.0067514666 | H359: 0 | I359: 0.81013044 | J359: =INTERCEPT($G$168:G356,$I$168:I356) -> -0.0024908108 | K359: =SLOPE($G$168:G356,$I$168:I356) -> 0.0098603393 | L359: =J359+K359*I359 -> 0.0054973502 | M359: =AVERAGE($G$168:G356) -> 0.00046104623 | N359: =(L359-G359)^2 -> 0.00015003351 | O359: =(M359-G359)^2 -> 5.2020341e-05 | P359: =1-AVERAGE($N$348:N359)/AVERAGE($O$348:O359) -> -0.035482397 | Q359: =O359-N359+(M359-L359)^2 -> -7.2648814e-05
... A899: 46022 | B899: 6845.5 | C899: 79.52 | D899: =LN((B899+C899/12)/B898) -> 0.00044329246 | E899: 0.0029435416 | F899: =D899-E899 -> -0.0025002491 | G899: =AVERAGE(F900:F902) -> -0.017770432 | H899: 0 | I899: 0.71531756 | J899: =INTERCEPT($G$168:G896,$I$168:I896) -> 0.0058368603 | K899: =SLOPE($G$168:G896,$I$168:I896) -> -0.0074839997 | L899: =J899+K899*I899 -> 0.00048342391 | M899: =AVERAGE($G$168:G896) -> 0.0046562618 | N899: =(L899-G899)^2 -> 0.00033320327 | O899: =(M899-G899)^2 -> 0.00050295661 | P899: =1-AVERAGE($N$348:N899)/AVERAGE($O$348:O899) -> -0.0028133946 | Q899: =O899-N899+(M899-L899)^2 -> 0.00018716592
A900: 46053 | B900: 6939.0298 | C900: 79.61 | D900: =LN((B900+C900/12)/B899) -> 0.014526071 | E900: 0.0029274037 | F900: =D900-E900 -> 0.011598667 | H900: 0 | I900: 0.70114667 | J900: =INTERCEPT($G$168:G897,$I$168:I897) -> 0.0058337613 | K900: =SLOPE($G$168:G897,$I$168:I897) -> -0.0074441118 | L900: =J900+K900*I900 -> 0.0006143471 | M900: =AVERAGE($G$168:G897) -> 0.0046536565
A901: 46081 | B901: 6878.8799 | C901: 79.7 | D901: =LN((B901+C901/12)/B900) -> -0.0077410835 | E901: 0.0029516094 | F901: =D901-E901 -> -0.010692693 | H901: 0 | I901: 0.68296157 | J901: =INTERCEPT($G$168:G898,$I$168:I898) -> 0.0058350341 | K901: =SLOPE($G$168:G898,$I$168:I898) -> -0.0074606468 | L901: =J901+K901*I901 -> 0.00073969907 | M901: =AVERAGE($G$168:G898) -> 0.0046465634
A902: 46112 | B902: 6528.52 | C902: 79.79 | D902: =LN((B902+C902/12)/B901) -> -0.051257595 | E902: 0.0029596766 | F902: =D902-E902 -> -0.054217272 | H902: 0 | I902: 0.66810286 | J902: =INTERCEPT($G$168:G899,$I$168:I899) -> 0.0058576439 | K902: =SLOPE($G$168:G899,$I$168:I899) -> -0.0077578326 | L902: =J902+K902*I902 -> 0.00067461367 | M902: =AVERAGE($G$168:G899) -> 0.0046159391
A905: M&S-Fenster (1980-01 bis 2019-12) - Replikation | I905: Full-Fenster (1980-01 bis 2026-03) - Sample-Erweiterung
A906: Spec | B906: M3 | I906: Spec | J906: M3
A907: Horizont h | B907: 3 | I907: Horizont h | J907: 3
A908: OOS-Start | B908: 1980-01 | I908: OOS-Start | J908: 1980-01
A909: OOS-Ende | B909: 2019-12 | I909: OOS-Ende | J909: letzter Monat mit realisiertem Y
A910: n Forecast-Monate | B910: =COUNT(Q348:Q827) -> 480 | I910: n Forecast-Monate | J910: =COUNT(Q348:Q899) -> 552
A912: R²_OS (Campbell-Thompson) | B912: =1-AVERAGE(N348:N827)/AVERAGE(O348:O827) -> 0.0086127915 | I912: R²_OS (Campbell-Thompson) | J912: =1-AVERAGE(N348:N899)/AVERAGE(O348:O899) -> -0.0028133946
A914: Clark-West-Test (Newey-West HAC, Bartlett-Kernel, L = h = 3) | I914: Clark-West-Test (Newey-West HAC, Bartlett-Kernel, L = h = 3)
A915: f-quer (Mittelwert) | B915: =AVERAGE(Q348:Q827) -> 7.4820202e-06 | I915: f-quer (Mittelwert) | J915: =AVERAGE(Q348:Q899) -> 9.4571209e-07
A916: n | B916: =COUNT(Q348:Q827) -> 480 | I916: n | J916: =COUNT(Q348:Q899) -> 552
A917: HAC-Lag L (= h) | B917: 3 | I917: HAC-Lag L (= h) | J917: 3
A918: gamma_0 (Varianz) | B918: =SUMPRODUCT((Q348:Q827-$B$915)^2)/$B$916 -> 4.2754562e-09 | I918: gamma_0 (Varianz) | J918: =SUMPRODUCT((Q348:Q899-$J$915)^2)/$J$916 -> 6.1160458e-09
A919: NW LRV | B919: =$B$918+2*SUM(G927:G929) -> 8.9777258e-09 | I919: NW LRV | J919: =$J$918+2*SUM(O927:O929) -> 1.3706612e-08
A920: HAC SE | B920: =SQRT($B$919/$B$916) -> 4.3247653e-06 | I920: HAC SE | J920: =SQRT($J$919/$J$916) -> 4.9830531e-06
A921: z-Statistik | B921: =$B$915/$B$920 -> 1.7300407 | I921: z-Statistik | J921: =$J$915/$J$920 -> 0.18978567
A922: p-Wert (einseitig) | B922: =1-_xlfn.NORM.S.DIST($B$921,TRUE) -> 0.0418115 | I922: p-Wert (einseitig) | J922: =1-_xlfn.NORM.S.DIST($J$921,TRUE) -> 0.42473854
A923: Signifikanz | B923: =IF($B$921>2.326,"*** (1%)",IF($B$921>1.645,"** (5%)",IF($B$921>1.282,"* (10%)","n.s."))) -> ** (5%) | I923: Signifikanz | J923: =IF($J$921>2.326,"*** (1%)",IF($J$921>1.645,"** (5%)",IF($J$921>1.282,"* (10%)","n.s."))) -> n.s.
D926: k | E926: w_k (Bartlett) | F926: gamma_k | G926: w_k * gamma_k | L926: k | M926: w_k (Bartlett) | N926: gamma_k | O926: w_k * gamma_k
D927: 1 | E927: =1-D927/($B$917+1) -> 0.75 | F927: =SUMPRODUCT((OFFSET($Q$348,0,0,$B$916-D927,1)-$B$915)*(OFFSET($Q$348,D927,0,$B$916-D927,1)-$B$915))/$B$916 -> 2.6439397e-09 | G927: =E927*F927 -> 1.9829548e-09 | L927: 1 | M927: =1-L927/($J$917+1) -> 0.75 | N927: =SUMPRODUCT((OFFSET($Q$348,0,0,$J$916-L927,1)-$J$915)*(OFFSET($Q$348,L927,0,$J$916-L927,1)-$J$915))/$J$916 -> 3.9760177e-09 | O927: =M927*N927 -> 2.9820133e-09
D928: 2 | E928: =1-D928/($B$917+1) -> 0.5 | F928: =SUMPRODUCT((OFFSET($Q$348,0,0,$B$916-D928,1)-$B$915)*(OFFSET($Q$348,D928,0,$B$916-D928,1)-$B$915))/$B$916 -> 8.4015573e-10 | G928: =E928*F928 -> 4.2007787e-10 | L928: 2 | M928: =1-L928/($J$917+1) -> 0.5 | N928: =SUMPRODUCT((OFFSET($Q$348,0,0,$J$916-L928,1)-$J$915)*(OFFSET($Q$348,L928,0,$J$916-L928,1)-$J$915))/$J$916 -> 1.6223343e-09 | O928: =M928*N928 -> 8.1116714e-10
D929: 3 | E929: =1-D929/($B$917+1) -> 0.25 | F929: =SUMPRODUCT((OFFSET($Q$348,0,0,$B$916-D929,1)-$B$915)*(OFFSET($Q$348,D929,0,$B$916-D929,1)-$B$915))/$B$916 -> -2.075916e-10 | G929: =E929*F929 -> -5.1897901e-11 | L929: 3 | M929: =1-L929/($J$917+1) -> 0.25 | N929: =SUMPRODUCT((OFFSET($Q$348,0,0,$J$916-L929,1)-$J$915)*(OFFSET($Q$348,L929,0,$J$916-L929,1)-$J$915))/$J$916 -> 8.4098572e-12 | O929: =M929*N929 -> 2.1024643e-12

Sheet M1_h6
A1: date | B1: sp500_price | C1: D_12m | D1: sp500_log_total_return | E1: rfree | F1: log_equity_prem | G1: fwd_avg_log_eqprem (Y) | H1: usrec | I1: p_M1_h6 | J1: alpha | K1: beta | L1: forecast | M1: benchmark | N1: se_model | O1: se_benchmark | P1: rolling_R2_OS | Q1: clark_west_f
A2: 18718 | B2: 21.48 | C2: 1.52 | E2: 0.0011592468 | G2: =AVERAGE(F3:F8) -> 0.017735197 | H2: 0
A3: 18748 | B3: 22.43 | C3: 1.53333 | D3: =LN((B3+C3/12)/B2) -> 0.048957672 | E3: 0.0012168233 | F3: =D3-E3 -> 0.047740849 | G3: =AVERAGE(F4:F9) -> 0.0081528208 | H3: 0
A4: 18779 | B4: 21.52 | C4: 1.54667 | D4: =LN((B4+C4/12)/B3) -> -0.035445197 | E4: 0.0012825803 | F4: =D4-E4 -> -0.036727777 | G4: =AVERAGE(F5:F10) -> 0.014498353 | H4: 0
A5: 18809 | B5: 20.959999 | C5: 1.56 | D5: =LN((B5+C5/12)/B4) -> -0.020183805 | E5: 0.0012003766 | F5: =D5-E5 -> -0.021384182 | G5: =AVERAGE(F6:F11) -> 0.025006023 | H5: 0
A6: 18840 | B6: 22.4 | C6: 1.54667 | D6: =LN((B6+C6/12)/B5) -> 0.072182616 | E6: 0.0012907966 | F6: =D6-E6 -> 0.070891819 | G6: =AVERAGE(F7:F12) -> 0.016359711 | H6: 0
A7: 18871 | B7: 23.280001 | C7: 1.53333 | D7: =LN((B7+C7/12)/B6) -> 0.044007426 | E7: 0.0013400788 | F7: =D7-E7 -> 0.042667348 | G7: =AVERAGE(F8:F13) -> 0.0036906955 | H7: 0
A8: 18901 | B8: 23.26 | C8: 1.52 | D8: =LN((B8+C8/12)/B7) -> 0.0045714168 | E8: 0.0013482899 | F8: =D8-E8 -> 0.0032231269 | G8: =AVERAGE(F9:F14) -> 0.011511216 | H8: 0
A9: 18932 | B9: 22.940001 | C9: 1.48333 | D9: =LN((B9+C9/12)/B8) -> -0.0084790469 | E9: 0.0012743633 | F9: =D9-E9 -> -0.0097534102 | G9: =AVERAGE(F10:F15) -> 0.0064295319 | H9: 0
A10: 18962 | B10: 22.879999 | C10: 1.44667 | D10: =LN((B10+C10/12)/B9) -> 0.0026362108 | E10: 0.0012907966 | F10: =D10-E10 -> 0.0013454142 | G10: =AVERAGE(F11:F16) -> 0.010626579 | H10: 0
A11: 18993 | B11: 23.77 | C11: 1.41 | D11: =LN((B11+C11/12)/B10) -> 0.043092199 | E11: 0.0014303602 | F11: =D11-E11 -> 0.041661839 | G11: =AVERAGE(F12:F17) -> 0.011765392 | H11: 0
A12: 19024 | B12: 24.139999 | C12: 1.41333 | D12: =LN((B12+C12/12)/B11) -> 0.020312962 | E12: 0.0012990121 | F12: =D12-E12 -> 0.01901395 | G12: =AVERAGE(F13:F18) -> 0.012050505 | H12: 0
A13: 19053 | B13: 23.26 | C13: 1.41667 | D13: =LN((B13+C13/12)/B12) -> -0.032072383 | E13: 0.0012743633 | F13: =D13-E13 -> -0.033346746 | G13: =AVERAGE(F14:F19) -> 0.01571322 | H13: 0
A14: 19084 | B14: 24.370001 | C14: 1.42 | D14: =LN((B14+C14/12)/B13) -> 0.051461691 | E14: 0.001315441 | F14: =D14-E14 -> 0.05014625 | G14: =AVERAGE(F15:F20) -> 0.0046433855 | H14: 0
... A167: 23742 | B167: 84.75 | C167: 2.5 | D167: =LN((B167+C167/12)/B166) -> 0.0063566216 | E167: 0.0031450242 | F167: =D167-E167 -> 0.0032115974 | G167: =AVERAGE(F168:F173) -> -0.0019740875 | H167: 0
A168: 23773 | B168: 87.559998 | C168: 2.51667 | D168: =LN((B168+C168/12)/B167) -> 0.035010821 | E168: 0.0031208697 | F168: =D168-E168 -> 0.031889951 | G168: =AVERAGE(F169:F174) -> -0.0051619072 | H168: 0 | I168: 0.40128951
A169: 23801 | B169: 87.43 | C169: 2.53333 | D169: =LN((B169+C169/12)/B168) -> 0.00092594832 | E169: 0.003217449 | F169: =D169-E169 -> -0.0022915007 | G169: =AVERAGE(F170:F175) -> -0.0011715115 | H169: 0 | I169: 0.41472538
A170: 23832 | B170: 86.160004 | C170: 2.55 | D170: =LN((B170+C170/12)/B169) -> -0.012169096 | E170: 0.003217449 | F170: =D170-E170 -> -0.015386545 | G170: =AVERAGE(F171:F176) -> 0.0065190003 | H170: 0 | I170: 0.41588045
A171: 23862 | B171: 89.110001 | C171: 2.57 | D171: =LN((B171+C171/12)/B170) -> 0.036066006 | E171: 0.003217449 | F171: =D171-E171 -> 0.032848557 | G171: =AVERAGE(F172:F177) -> 0.0053932415 | H171: 0 | I171: 0.41410289
A172: 23893 | B172: 88.419998 | C172: 2.59 | D172: =LN((B172+C172/12)/B171) -> -0.0053353739 | E172: 0.0031852673 | F172: =D172-E172 -> -0.0085206412 | G172: =AVERAGE(F173:F178) -> 0.0051973562 | H172: 0 | I172: 0.40425301
A173: 23923 | B173: 84.120003 | C173: 2.61 | D173: =LN((B173+C173/12)/B172) -> -0.047271529 | E173: 0.0031128168 | F173: =D173-E173 -> -0.050384346 | G173: =AVERAGE(F174:F179) -> 0.014891706 | H173: 0 | I173: 0.38783139
A174: 23954 | B174: 85.25 | C174: 2.62667 | D174: =LN((B174+C174/12)/B173) -> 0.015908057 | E174: 0.0031450242 | F174: =D174-E174 -> 0.012763033 | G174: =AVERAGE(F175:F180) -> 0.013358741 | H174: 0 | I174: 0.38911969
A175: 23985 | B175: 87.169998 | C175: 2.64333 | D175: =LN((B175+C175/12)/B174) -> 0.024795898 | E175: 0.0031450242 | F175: =D175-E175 -> 0.021650874 | G175: =AVERAGE(F176:F181) -> 0.0065318106 | H175: 0 | I175: 0.37871408
A176: 24015 | B176: 89.959999 | C176: 2.66 | D176: =LN((B176+C176/12)/B175) -> 0.03396593 | E176: 0.0032094047 | F176: =D176-E176 -> 0.030756526 | G176: =AVERAGE(F177:F182) -> -0.0024627327 | H176: 0 | I176: 0.37877434
A177: 24046 | B177: 92.419998 | C177: 2.68 | D177: =LN((B177+C177/12)/B176) -> 0.029391858 | E177: 0.0032978538 | F177: =D177-E177 -> 0.026094004 | G177: =AVERAGE(F178:F183) -> -0.0036306415 | H177: 0 | I177: 0.39026917
A178: 24076 | B178: 91.610001 | C178: 2.7 | D178: =LN((B178+C178/12)/B177) -> -0.0063498904 | E178: 0.0033460626 | F178: =D178-E178 -> -0.009695953 | G178: =AVERAGE(F179:F184) -> -0.011469543 | H178: 0 | I178: 0.38188109
A179: 24107 | B179: 92.43 | C179: 2.72 | D179: =LN((B179+C179/12)/B178) -> 0.011360466 | E179: 0.0035787134 | F179: =D179-E179 -> 0.0077817528 | G179: =AVERAGE(F180:F185) -> -0.015627449 | H179: 0 | I179: 0.40465601
... A347: 29220 | B347: 107.94 | C347: 5.65 | D347: =LN((B347+C347/12)/B346) -> 0.020980621 | E347: 0.0095188323 | F347: =D347-E347 -> 0.011461788 | G347: =AVERAGE(F348:F353) -> 0.0047749606 | H347: 0 | I347: 0.81082809
A348: 29251 | B348: 114.16 | C348: 5.7 | D348: =LN((B348+C348/12)/B347) -> 0.06017766 | E348: 0.0094887929 | F348: =D348-E348 -> 0.050688867 | G348: =AVERAGE(F349:F354) -> 0.006430156 | H348: 0 | I348: 0.61500106 | J348: =INTERCEPT($G$168:G342,$I$168:I342) -> 0.00091916182 | K348: =SLOPE($G$168:G342,$I$168:I342) -> -0.0056773184 | L348: =J348+K348*I348 -> -0.002572395 | M348: =AVERAGE($G$168:G342) -> -0.0004194671 | N348: =(L348-G348)^2 -> 8.1045925e-05 | O348: =(M348-G348)^2 -> 4.6917337e-05 | P348: =1-AVERAGE($N$348:N348)/AVERAGE($O$348:O348) -> -0.72741955 | Q348: =O348-N348+(M348-L348)^2 -> -2.949349e-05
A349: 29280 | B349: 113.66 | C349: 5.75 | D349: =LN((B349+C349/12)/B348) -> -0.00018250906 | E349: 0.010132483 | F349: =D349-E349 -> -0.010314992 | G349: =AVERAGE(F350:F355) -> 0.0085837403 | H349: 1 | I349: 0.64552527 | J349: =INTERCEPT($G$168:G343,$I$168:I343) -> 0.00085169294 | K349: =SLOPE($G$168:G343,$I$168:I343) -> -0.0053088273 | L349: =J349+K349*I349 -> -0.0025752893 | M349: =AVERAGE($G$168:G343) -> -0.00040869844 | N349: =(L349-G349)^2 -> 0.00012452394 | O349: =(M349-G349)^2 -> 8.0863955e-05 | P349: =1-AVERAGE($N$348:N349)/AVERAGE($O$348:O349) -> -0.6087634 | Q349: =O349-N349+(M349-L349)^2 -> -3.896587e-05
A350: 29311 | B350: 102.09 | C350: 5.8 | D350: =LN((B350+C350/12)/B349) -> -0.10263361 | E350: 0.011861426 | F350: =D350-E350 -> -0.11449504 | G350: =AVERAGE(F351:F356) -> 0.031116193 | H350: 1 | I350: 0.91878579 | J350: =INTERCEPT($G$168:G344,$I$168:I344) -> 0.0012478242 | K350: =SLOPE($G$168:G344,$I$168:I344) -> -0.0073010884 | L350: =J350+K350*I350 -> -0.0054603121 | M350: =AVERAGE($G$168:G344) -> -0.0005021136 | N350: =(L350-G350)^2 -> 0.0013378407 | O350: =(M350-G350)^2 -> 0.00099971733 | P350: =1-AVERAGE($N$348:N350)/AVERAGE($O$348:O350) -> -0.36888026 | Q350: =O350-N350+(M350-L350)^2 -> -0.00031353968
A351: 29341 | B351: 106.29 | C351: 5.84667 | D351: =LN((B351+C351/12)/B350) -> 0.044889899 | E351: 0.010385726 | F351: =D351-E351 -> 0.034504172 | G351: =AVERAGE(F352:F357) -> 0.027144012 | H351: 1 | I351: 0.88384377 | J351: =INTERCEPT($G$168:G345,$I$168:I345) -> 0.0010800783 | K351: =SLOPE($G$168:G345,$I$168:I345) -> -0.0064837608 | L351: =J351+K351*I351 -> -0.0046505533 | M351: =AVERAGE($G$168:G345) -> -0.00049119948 | N351: =(L351-G351)^2 -> 0.0010108944 | O351: =(M351-G351)^2 -> 0.00076370492 | P351: =1-AVERAGE($N$348:N351)/AVERAGE($O$348:O351) -> -0.35062406 | Q351: =O351-N351+(M351-L351)^2 -> -0.00022988925
A352: 29372 | B352: 111.24 | C352: 5.89333 | D352: =LN((B352+C352/12)/B351) -> 0.049923953 | E352: 0.0068833355 | F352: =D352-E352 -> 0.043040618 | G352: =AVERAGE(F353:F358) -> 0.035023646 | H352: 1 | I352: 0.11433436 | J352: =INTERCEPT($G$168:G346,$I$168:I346) -> 0.00086997326 | K352: =SLOPE($G$168:G346,$I$168:I346) -> -0.0054810208 | L352: =J352+K352*I352 -> 0.00024330423 | M352: =AVERAGE($G$168:G346) -> -0.00047459556 | N352: =(L352-G352)^2 -> 0.0012096722 | O352: =(M352-G352)^2 -> 0.0012601251 | P352: =1-AVERAGE($N$348:N352)/AVERAGE($O$348:O352) -> -0.19440958 | Q352: =O352-N352+(M352-L352)^2 -> 5.096836e-05
A353: 29402 | B353: 114.24 | C353: 5.94 | D353: =LN((B353+C353/12)/B352) -> 0.030935093 | E353: 0.0057089543 | F353: =D353-E353 -> 0.025226138 | G353: =AVERAGE(F354:F359) -> 0.02369251 | H353: 1 | I353: 0.029251947 | J353: =INTERCEPT($G$168:G347,$I$168:I347) -> 0.00060171716 | K353: =SLOPE($G$168:G347,$I$168:I347) -> -0.0042146351 | L353: =J353+K353*I353 -> 0.00047843088 | M353: =AVERAGE($G$168:G347) -> -0.00044543136 | N353: =(L353-G353)^2 -> 0.00053889349 | O353: =(M353-G353)^2 -> 0.00058264023 | P353: =1-AVERAGE($N$348:N353)/AVERAGE($O$348:O353) -> -0.15235845 | Q353: =O353-N353+(M353-L353)^2 -> 4.4600266e-05
A354: 29433 | B354: 121.67 | C354: 5.98333 | D354: =LN((B354+C354/12)/B353) -> 0.067100652 | E354: 0.0064806124 | F354: =D354-E354 -> 0.060620039 | G354: =AVERAGE(F355:F360) -> 0.0044940046 | H354: 1 | I354: 0.042683316 | J354: =INTERCEPT($G$168:G348,$I$168:I348) -> 0.00044808927 | K354: =SLOPE($G$168:G348,$I$168:I348) -> -0.0034155719 | L354: =J354+K354*I354 -> 0.00030230133 | M354: =AVERAGE($G$168:G348) -> -0.00040744469 | N354: =(L354-G354)^2 -> 1.7570376e-05 | O354: =(M354-G354)^2 -> 2.4024205e-05 | P354: =1-AVERAGE($N$348:N354)/AVERAGE($O$348:O354) -> -0.14966709 | Q354: =O354-N354+(M354-L354)^2 -> 6.9575683e-06
A355: 29464 | B355: 122.38 | C355: 6.02667 | D355: =LN((B355+C355/12)/B354) -> 0.0099138869 | E355: 0.0073073733 | F355: =D355-E355 -> 0.0026065135 | G355: =AVERAGE(F356:F361) -> 0.0049899219 | H355: 0 | I355: 0.068120382 | J355: =INTERCEPT($G$168:G349,$I$168:I349) -> 0.0002480799 | K355: =SLOPE($G$168:G349,$I$168:I349) -> -0.0023990502 | L355: =J355+K355*I355 -> 8.4655683e-05 | M355: =AVERAGE($G$168:G349) -> -0.00035804258 | N355: =(L355-G355)^2 -> 2.4061636e-05 | O355: =(M355-G355)^2 -> 2.8600724e-05 | P355: =1-AVERAGE($N$348:N355)/AVERAGE($O$348:O355) -> -0.14733791 | Q355: =O355-N355+(M355-L355)^2 -> 4.7350691e-06
A356: 29494 | B356: 125.46 | C356: 6.07 | D356: =LN((B356+C356/12)/B355) -> 0.028879763 | E356: 0.0081800854 | F356: =D356-E356 -> 0.020699678 | G356: =AVERAGE(F357:F362) -> 0.006329072 | H356: 0 | I356: 0.13646155 | J356: =INTERCEPT($G$168:G350,$I$168:I350) -> -0.00083655535 | K356: =SLOPE($G$168:G350,$I$168:I350) -> 0.0025381418 | L356: =J356+K356*I356 -> -0.00049019659 | M356: =AVERAGE($G$168:G350) -> -0.00018605222 | N356: =(L356-G356)^2 -> 4.6502424e-05 | O356: =(M356-G356)^2 -> 4.2446844e-05 | P356: =1-AVERAGE($N$348:N356)/AVERAGE($O$348:O356) -> -0.14676376 | Q356: =O356-N356+(M356-L356)^2 -> -3.9630767e-06
A357: 29525 | B357: 127.47 | C357: 6.1 | D357: =LN((B357+C357/12)/B356) -> 0.019874013 | E357: 0.0092029272 | F357: =D357-E357 -> 0.010671086 | G357: =AVERAGE(F358:F363) -> -0.00053764178 | H357: 0 | I357: 0.27824744 | J357: =INTERCEPT($G$168:G351,$I$168:I351) -> -0.0015604932 | K357: =SLOPE($G$168:G351,$I$168:I351) -> 0.00586432 | L357: =J357+K357*I357 -> 7.123885e-05 | M357: =AVERAGE($G$168:G351) -> -3.7519258e-05 | N357: =(L357-G357)^2 -> 3.7073562e-07 | O357: =(M357-G357)^2 -> 2.5012254e-07 | P357: =1-AVERAGE($N$348:N357)/AVERAGE($O$348:O357) -> -0.14678567 | Q357: =O357-N357+(M357-L357)^2 -> -1.0878476e-07
A358: 29555 | B358: 140.52 | C358: 6.13 | D358: =LN((B358+C358/12)/B357) -> 0.10109752 | E358: 0.0107791 | F358: =D358-E358 -> 0.090318421 | G358: =AVERAGE(F359:F364) -> -0.017313349 | H358: 0 | I358: 0.73101378 | J358: =INTERCEPT($G$168:G352,$I$168:I352) -> -0.001089196 | K358: =SLOPE($G$168:G352,$I$168:I352) -> 0.0047938204 | L358: =J358+K358*I358 -> 0.0024151528 | M358: =AVERAGE($G$168:G352) -> 0.00015200055 | N358: =(L358-G358)^2 -> 0.00038921378 | O358: =(M358-G358)^2 -> 0.00030503843 | P358: =1-AVERAGE($N$348:N358)/AVERAGE($O$348:O358) -> -0.15631565 | Q358: =O358-N358+(M358-L358)^2 -> -7.9053489e-05
A359: 29586 | B359: 135.75999 | C359: 6.16 | D359: =LN((B359+C359/12)/B358) -> -0.030687225 | E359: 0.012073449 | F359: =D359-E359 -> -0.042760675 | G359: =AVERAGE(F360:F365) -> -0.01317475 | H359: 0 | I359: 0.96111796 | J359: =INTERCEPT($G$168:G353,$I$168:I353) -> -0.00066088422 | K359: =SLOPE($G$168:G353,$I$168:I353) -> 0.0036457712 | L359: =J359+K359*I359 -> 0.002843132 | M359: =AVERAGE($G$168:G353) -> 0.00027856243 | N359: =(L359-G359)^2 -> 0.00025657254 | O359: =(M359-G359)^2 -> 0.00018099161 | P359: =1-AVERAGE($N$348:N359)/AVERAGE($O$348:O359) -> -0.16727407 | Q359: =O359-N359+(M359-L359)^2 -> -6.900391e-05
... A896: 45930 | B896: 6688.46 | C896: 78.48 | D896: =LN((B896+C896/12)/B895) -> 0.035691445 | E896: 0.0032094047 | F896: =D896-E896 -> 0.03248204 | G896: =AVERAGE(F897:F902) -> -0.006063722 | H896: 0 | I896: 0.29894281 | J896: =INTERCEPT($G$168:G890,$I$168:I890) -> 0.006147268 | K896: =SLOPE($G$168:G890,$I$168:I890) -> -0.0078822797 | L896: =J896+K896*I896 -> 0.0037909171 | M896: =AVERAGE($G$168:G890) -> 0.0045690252 | N896: =(L896-G896)^2 -> 9.7113914e-05 | O896: =(M896-G896)^2 -> 0.00011305531 | P896: =1-AVERAGE($N$348:N896)/AVERAGE($O$348:O896) -> -0.012136041 | Q896: =O896-N896+(M896-L896)^2 -> 1.6546853e-05
A897: 45961 | B897: 6840.2002 | C897: 78.826667 | D897: =LN((B897+C897/12)/B896) -> 0.023393227 | E897: 0.0031289219 | F897: =D897-E897 -> 0.020264305 | H897: 0 | I897: 0.29390228 | J897: =INTERCEPT($G$168:G891,$I$168:I891) -> 0.006146017 | K897: =SLOPE($G$168:G891,$I$168:I891) -> -0.0076808868 | L897: =J897+K897*I897 -> 0.0038885869 | M897: =AVERAGE($G$168:G891) -> 0.0046068126
A898: 45991 | B898: 6849.0898 | C898: 79.173333 | D898: =LN((B898+C898/12)/B897) -> 0.0022616179 | E898: 0.0030967089 | F898: =D898-E898 -> -0.00083509098 | H898: 0 | I898: 0.28594416 | J898: =INTERCEPT($G$168:G892,$I$168:I892) -> 0.0061479642 | K898: =SLOPE($G$168:G892,$I$168:I892) -> -0.0075636274 | L898: =J898+K898*I898 -> 0.0039851892 | M898: =AVERAGE($G$168:G892) -> 0.0046311279
A899: 46022 | B899: 6845.5 | C899: 79.52 | D899: =LN((B899+C899/12)/B898) -> 0.00044329246 | E899: 0.0029435416 | F899: =D899-E899 -> -0.0025002491 | H899: 0 | I899: 0.26227356 | J899: =INTERCEPT($G$168:G893,$I$168:I893) -> 0.0061490355 | K899: =SLOPE($G$168:G893,$I$168:I893) -> -0.0074979936 | L899: =J899+K899*I899 -> 0.0041825101 | M899: =AVERAGE($G$168:G893) -> 0.0046442431
A900: 46053 | B900: 6939.0298 | C900: 79.61 | D900: =LN((B900+C900/12)/B899) -> 0.014526071 | E900: 0.0029274037 | F900: =D900-E900 -> 0.011598667 | H900: 0 | I900: 0.25312079 | J900: =INTERCEPT($G$168:G894,$I$168:I894) -> 0.0061500636 | K900: =SLOPE($G$168:G894,$I$168:I894) -> -0.0074409069 | L900: =J900+K900*I900 -> 0.0042666154 | M900: =AVERAGE($G$168:G894) -> 0.0046556297
A901: 46081 | B901: 6878.8799 | C901: 79.7 | D901: =LN((B901+C901/12)/B900) -> -0.0077410835 | E901: 0.0029516094 | F901: =D901-E901 -> -0.010692693 | H901: 0 | I901: 0.26185098 | J901: =INTERCEPT($G$168:G895,$I$168:I895) -> 0.006150661 | K901: =SLOPE($G$168:G895,$I$168:I895) -> -0.0074130167 | L901: =J901+K901*I901 -> 0.0042095553 | M901: =AVERAGE($G$168:G895) -> 0.004660754
A902: 46112 | B902: 6528.52 | C902: 79.79 | D902: =LN((B902+C902/12)/B901) -> -0.051257595 | E902: 0.0029596766 | F902: =D902-E902 -> -0.054217272 | H902: 0 | I902: 0.25116918 | J902: =INTERCEPT($G$168:G896,$I$168:I896) -> 0.0061484682 | K902: =SLOPE($G$168:G896,$I$168:I896) -> -0.0074703073 | L902: =J902+K902*I902 -> 0.0042721572 | M902: =AVERAGE($G$168:G896) -> 0.0046460428
A905: M&S-Fenster (1980-01 bis 2019-12) - Replikation | I905: Full-Fenster (1980-01 bis 2026-03) - Sample-Erweiterung
A906: Spec | B906: M1 | I906: Spec | J906: M1
A907: Horizont h | B907: 6 | I907: Horizont h | J907: 6
A908: OOS-Start | B908: 1980-01 | I908: OOS-Start | J908: 1980-01
A909: OOS-Ende | B909: 2019-12 | I909: OOS-Ende | J909: letzter Monat mit realisiertem Y
A910: n Forecast-Monate | B910: =COUNT(Q348:Q827) -> 480 | I910: n Forecast-Monate | J910: =COUNT(Q348:Q896) -> 549
A912: R²_OS (Campbell-Thompson) | B912: =1-AVERAGE(N348:N827)/AVERAGE(O348:O827) -> 0.0013020553 | I912: R²_OS (Campbell-Thompson) | J912: =1-AVERAGE(N348:N896)/AVERAGE(O348:O896) -> -0.012136041
A914: Clark-West-Test (Newey-West HAC, Bartlett-Kernel, L = h = 6) | I914: Clark-West-Test (Newey-West HAC, Bartlett-Kernel, L = h = 6)
A915: f-quer (Mittelwert) | B915: =AVERAGE(Q348:Q827) -> 4.1448824e-06 | I915: f-quer (Mittelwert) | J915: =AVERAGE(Q348:Q896) -> -4.3113261e-07
A916: n | B916: =COUNT(Q348:Q827) -> 480 | I916: n | J916: =COUNT(Q348:Q896) -> 549
A917: HAC-Lag L (= h) | B917: 6 | I917: HAC-Lag L (= h) | J917: 6
A918: gamma_0 (Varianz) | B918: =SUMPRODUCT((Q348:Q827-$B$915)^2)/$B$916 -> 6.1093285e-09 | I918: gamma_0 (Varianz) | J918: =SUMPRODUCT((Q348:Q896-$J$915)^2)/$J$916 -> 5.7373335e-09
A919: NW LRV | B919: =$B$918+2*SUM(G927:G932) -> 2.4786748e-08 | I919: NW LRV | J919: =$J$918+2*SUM(O927:O932) -> 2.3397704e-08
A920: HAC SE | B920: =SQRT($B$919/$B$916) -> 7.1860322e-06 | I920: HAC SE | J920: =SQRT($J$919/$J$916) -> 6.5283052e-06
A921: z-Statistik | B921: =$B$915/$B$920 -> 0.57679709 | I921: z-Statistik | J921: =$J$915/$J$920 -> -0.06604051
A922: p-Wert (einseitig) | B922: =1-_xlfn.NORM.S.DIST($B$921,TRUE) -> 0.28203827 | I922: p-Wert (einseitig) | J922: =1-_xlfn.NORM.S.DIST($J$921,TRUE) -> 0.52632721
A923: Signifikanz | B923: =IF($B$921>2.326,"*** (1%)",IF($B$921>1.645,"** (5%)",IF($B$921>1.282,"* (10%)","n.s."))) -> n.s. | I923: Signifikanz | J923: =IF($J$921>2.326,"*** (1%)",IF($J$921>1.645,"** (5%)",IF($J$921>1.282,"* (10%)","n.s."))) -> n.s.
D926: k | E926: w_k (Bartlett) | F926: gamma_k | G926: w_k * gamma_k | L926: k | M926: w_k (Bartlett) | N926: gamma_k | O926: w_k * gamma_k
D927: 1 | E927: =1-D927/($B$917+1) -> 0.85714286 | F927: =SUMPRODUCT((OFFSET($Q$348,0,0,$B$916-D927,1)-$B$915)*(OFFSET($Q$348,D927,0,$B$916-D927,1)-$B$915))/$B$916 -> 4.9184548e-09 | G927: =E927*F927 -> 4.2158184e-09 | L927: 1 | M927: =1-L927/($J$917+1) -> 0.85714286 | N927: =SUMPRODUCT((OFFSET($Q$348,0,0,$J$916-L927,1)-$J$915)*(OFFSET($Q$348,L927,0,$J$916-L927,1)-$J$915))/$J$916 -> 4.6043756e-09 | O927: =M927*N927 -> 3.9466077e-09
D928: 2 | E928: =1-D928/($B$917+1) -> 0.71428571 | F928: =SUMPRODUCT((OFFSET($Q$348,0,0,$B$916-D928,1)-$B$915)*(OFFSET($Q$348,D928,0,$B$916-D928,1)-$B$915))/$B$916 -> 3.7312372e-09 | G928: =E928*F928 -> 2.6651694e-09 | L928: 2 | M928: =1-L928/($J$917+1) -> 0.71428571 | N928: =SUMPRODUCT((OFFSET($Q$348,0,0,$J$916-L928,1)-$J$915)*(OFFSET($Q$348,L928,0,$J$916-L928,1)-$J$915))/$J$916 -> 3.4855651e-09 | O928: =M928*N928 -> 2.4896894e-09
D929: 3 | E929: =1-D929/($B$917+1) -> 0.57142857 | F929: =SUMPRODUCT((OFFSET($Q$348,0,0,$B$916-D929,1)-$B$915)*(OFFSET($Q$348,D929,0,$B$916-D929,1)-$B$915))/$B$916 -> 2.7371868e-09 | G929: =E929*F929 -> 1.5641068e-09 | L929: 3 | M929: =1-L929/($J$917+1) -> 0.57142857 | N929: =SUMPRODUCT((OFFSET($Q$348,0,0,$J$916-L929,1)-$J$915)*(OFFSET($Q$348,L929,0,$J$916-L929,1)-$J$915))/$J$916 -> 2.6130947e-09 | O929: =M929*N929 -> 1.493197e-09
D930: 4 | E930: =1-D930/($B$917+1) -> 0.42857143 | F930: =SUMPRODUCT((OFFSET($Q$348,0,0,$B$916-D930,1)-$B$915)*(OFFSET($Q$348,D930,0,$B$916-D930,1)-$B$915))/$B$916 -> 1.7058187e-09 | G930: =E930*F930 -> 7.3106516e-10 | L930: 4 | M930: =1-L930/($J$917+1) -> 0.42857143 | N930: =SUMPRODUCT((OFFSET($Q$348,0,0,$J$916-L930,1)-$J$915)*(OFFSET($Q$348,L930,0,$J$916-L930,1)-$J$915))/$J$916 -> 1.6765568e-09 | O930: =M930*N930 -> 7.1852434e-10
D931: 5 | E931: =1-D931/($B$917+1) -> 0.28571429 | F931: =SUMPRODUCT((OFFSET($Q$348,0,0,$B$916-D931,1)-$B$915)*(OFFSET($Q$348,D931,0,$B$916-D931,1)-$B$915))/$B$916 -> 7.3456297e-10 | G931: =E931*F931 -> 2.0987513e-10 | L931: 5 | M931: =1-L931/($J$917+1) -> 0.28571429 | N931: =SUMPRODUCT((OFFSET($Q$348,0,0,$J$916-L931,1)-$J$915)*(OFFSET($Q$348,L931,0,$J$916-L931,1)-$J$915))/$J$916 -> 7.4553468e-10 | O931: =M931*N931 -> 2.1300991e-10
D932: 6 | E932: =1-D932/($B$917+1) -> 0.14285714 | F932: =SUMPRODUCT((OFFSET($Q$348,0,0,$B$916-D932,1)-$B$915)*(OFFSET($Q$348,D932,0,$B$916-D932,1)-$B$915))/$B$916 -> -3.3127537e-10 | G932: =E932*F932 -> -4.7325053e-11 | L932: 6 | M932: =1-L932/($J$917+1) -> 0.14285714 | N932: =SUMPRODUCT((OFFSET($Q$348,0,0,$J$916-L932,1)-$J$915)*(OFFSET($Q$348,L932,0,$J$916-L932,1)-$J$915))/$J$916 -> -2.1590147e-10 | O932: =M932*N932 -> -3.0843067e-11

Sheet M2_h6
A1: date | B1: sp500_price | C1: D_12m | D1: sp500_log_total_return | E1: rfree | F1: log_equity_prem | G1: fwd_avg_log_eqprem (Y) | H1: usrec | I1: p_M2_h6 | J1: alpha | K1: beta | L1: forecast | M1: benchmark | N1: se_model | O1: se_benchmark | P1: rolling_R2_OS | Q1: clark_west_f
A2: 18718 | B2: 21.48 | C2: 1.52 | E2: 0.0011592468 | G2: =AVERAGE(F3:F8) -> 0.017735197 | H2: 0
A3: 18748 | B3: 22.43 | C3: 1.53333 | D3: =LN((B3+C3/12)/B2) -> 0.048957672 | E3: 0.0012168233 | F3: =D3-E3 -> 0.047740849 | G3: =AVERAGE(F4:F9) -> 0.0081528208 | H3: 0
A4: 18779 | B4: 21.52 | C4: 1.54667 | D4: =LN((B4+C4/12)/B3) -> -0.035445197 | E4: 0.0012825803 | F4: =D4-E4 -> -0.036727777 | G4: =AVERAGE(F5:F10) -> 0.014498353 | H4: 0
A5: 18809 | B5: 20.959999 | C5: 1.56 | D5: =LN((B5+C5/12)/B4) -> -0.020183805 | E5: 0.0012003766 | F5: =D5-E5 -> -0.021384182 | G5: =AVERAGE(F6:F11) -> 0.025006023 | H5: 0
A6: 18840 | B6: 22.4 | C6: 1.54667 | D6: =LN((B6+C6/12)/B5) -> 0.072182616 | E6: 0.0012907966 | F6: =D6-E6 -> 0.070891819 | G6: =AVERAGE(F7:F12) -> 0.016359711 | H6: 0
A7: 18871 | B7: 23.280001 | C7: 1.53333 | D7: =LN((B7+C7/12)/B6) -> 0.044007426 | E7: 0.0013400788 | F7: =D7-E7 -> 0.042667348 | G7: =AVERAGE(F8:F13) -> 0.0036906955 | H7: 0
A8: 18901 | B8: 23.26 | C8: 1.52 | D8: =LN((B8+C8/12)/B7) -> 0.0045714168 | E8: 0.0013482899 | F8: =D8-E8 -> 0.0032231269 | G8: =AVERAGE(F9:F14) -> 0.011511216 | H8: 0
A9: 18932 | B9: 22.940001 | C9: 1.48333 | D9: =LN((B9+C9/12)/B8) -> -0.0084790469 | E9: 0.0012743633 | F9: =D9-E9 -> -0.0097534102 | G9: =AVERAGE(F10:F15) -> 0.0064295319 | H9: 0
A10: 18962 | B10: 22.879999 | C10: 1.44667 | D10: =LN((B10+C10/12)/B9) -> 0.0026362108 | E10: 0.0012907966 | F10: =D10-E10 -> 0.0013454142 | G10: =AVERAGE(F11:F16) -> 0.010626579 | H10: 0
A11: 18993 | B11: 23.77 | C11: 1.41 | D11: =LN((B11+C11/12)/B10) -> 0.043092199 | E11: 0.0014303602 | F11: =D11-E11 -> 0.041661839 | G11: =AVERAGE(F12:F17) -> 0.011765392 | H11: 0
A12: 19024 | B12: 24.139999 | C12: 1.41333 | D12: =LN((B12+C12/12)/B11) -> 0.020312962 | E12: 0.0012990121 | F12: =D12-E12 -> 0.01901395 | G12: =AVERAGE(F13:F18) -> 0.012050505 | H12: 0
A13: 19053 | B13: 23.26 | C13: 1.41667 | D13: =LN((B13+C13/12)/B12) -> -0.032072383 | E13: 0.0012743633 | F13: =D13-E13 -> -0.033346746 | G13: =AVERAGE(F14:F19) -> 0.01571322 | H13: 0
A14: 19084 | B14: 24.370001 | C14: 1.42 | D14: =LN((B14+C14/12)/B13) -> 0.051461691 | E14: 0.001315441 | F14: =D14-E14 -> 0.05014625 | G14: =AVERAGE(F15:F20) -> 0.0046433855 | H14: 0
... A167: 23742 | B167: 84.75 | C167: 2.5 | D167: =LN((B167+C167/12)/B166) -> 0.0063566216 | E167: 0.0031450242 | F167: =D167-E167 -> 0.0032115974 | G167: =AVERAGE(F168:F173) -> -0.0019740875 | H167: 0
A168: 23773 | B168: 87.559998 | C168: 2.51667 | D168: =LN((B168+C168/12)/B167) -> 0.035010821 | E168: 0.0031208697 | F168: =D168-E168 -> 0.031889951 | G168: =AVERAGE(F169:F174) -> -0.0051619072 | H168: 0 | I168: 0.46286199
A169: 23801 | B169: 87.43 | C169: 2.53333 | D169: =LN((B169+C169/12)/B168) -> 0.00092594832 | E169: 0.003217449 | F169: =D169-E169 -> -0.0022915007 | G169: =AVERAGE(F170:F175) -> -0.0011715115 | H169: 0 | I169: 0.47358791
A170: 23832 | B170: 86.160004 | C170: 2.55 | D170: =LN((B170+C170/12)/B169) -> -0.012169096 | E170: 0.003217449 | F170: =D170-E170 -> -0.015386545 | G170: =AVERAGE(F171:F176) -> 0.0065190003 | H170: 0 | I170: 0.50403973
A171: 23862 | B171: 89.110001 | C171: 2.57 | D171: =LN((B171+C171/12)/B170) -> 0.036066006 | E171: 0.003217449 | F171: =D171-E171 -> 0.032848557 | G171: =AVERAGE(F172:F177) -> 0.0053932415 | H171: 0 | I171: 0.52853492
A172: 23893 | B172: 88.419998 | C172: 2.59 | D172: =LN((B172+C172/12)/B171) -> -0.0053353739 | E172: 0.0031852673 | F172: =D172-E172 -> -0.0085206412 | G172: =AVERAGE(F173:F178) -> 0.0051973562 | H172: 0 | I172: 0.5655462
A173: 23923 | B173: 84.120003 | C173: 2.61 | D173: =LN((B173+C173/12)/B172) -> -0.047271529 | E173: 0.0031128168 | F173: =D173-E173 -> -0.050384346 | G173: =AVERAGE(F174:F179) -> 0.014891706 | H173: 0 | I173: 0.68087512
A174: 23954 | B174: 85.25 | C174: 2.62667 | D174: =LN((B174+C174/12)/B173) -> 0.015908057 | E174: 0.0031450242 | F174: =D174-E174 -> 0.012763033 | G174: =AVERAGE(F175:F180) -> 0.013358741 | H174: 0 | I174: 0.66676429
A175: 23985 | B175: 87.169998 | C175: 2.64333 | D175: =LN((B175+C175/12)/B174) -> 0.024795898 | E175: 0.0031450242 | F175: =D175-E175 -> 0.021650874 | G175: =AVERAGE(F176:F181) -> 0.0065318106 | H175: 0 | I175: 0.7219606
A176: 24015 | B176: 89.959999 | C176: 2.66 | D176: =LN((B176+C176/12)/B175) -> 0.03396593 | E176: 0.0032094047 | F176: =D176-E176 -> 0.030756526 | G176: =AVERAGE(F177:F182) -> -0.0024627327 | H176: 0 | I176: 0.73096439
A177: 24046 | B177: 92.419998 | C177: 2.68 | D177: =LN((B177+C177/12)/B176) -> 0.029391858 | E177: 0.0032978538 | F177: =D177-E177 -> 0.026094004 | G177: =AVERAGE(F178:F183) -> -0.0036306415 | H177: 0 | I177: 0.72844833
A178: 24076 | B178: 91.610001 | C178: 2.7 | D178: =LN((B178+C178/12)/B177) -> -0.0063498904 | E178: 0.0033460626 | F178: =D178-E178 -> -0.009695953 | G178: =AVERAGE(F179:F184) -> -0.011469543 | H178: 0 | I178: 0.69795036
A179: 24107 | B179: 92.43 | C179: 2.72 | D179: =LN((B179+C179/12)/B178) -> 0.011360466 | E179: 0.0035787134 | F179: =D179-E179 -> 0.0077817528 | G179: =AVERAGE(F180:F185) -> -0.015627449 | H179: 0 | I179: 0.63714261
... A347: 29220 | B347: 107.94 | C347: 5.65 | D347: =LN((B347+C347/12)/B346) -> 0.020980621 | E347: 0.0095188323 | F347: =D347-E347 -> 0.011461788 | G347: =AVERAGE(F348:F353) -> 0.0047749606 | H347: 0 | I347: 0.76106549
A348: 29251 | B348: 114.16 | C348: 5.7 | D348: =LN((B348+C348/12)/B347) -> 0.06017766 | E348: 0.0094887929 | F348: =D348-E348 -> 0.050688867 | G348: =AVERAGE(F349:F354) -> 0.006430156 | H348: 0 | I348: 0.70263134 | J348: =INTERCEPT($G$168:G342,$I$168:I342) -> 0.00024293877 | K348: =SLOPE($G$168:G342,$I$168:I342) -> -0.0020923287 | L348: =J348+K348*I348 -> -0.001227197 | M348: =AVERAGE($G$168:G342) -> -0.0004194671 | N348: =(L348-G348)^2 -> 5.8635054e-05 | O348: =(M348-G348)^2 -> 4.6917337e-05 | P348: =1-AVERAGE($N$348:N348)/AVERAGE($O$348:O348) -> -0.24975241 | Q348: =O348-N348+(M348-L348)^2 -> -1.106529e-05
A349: 29280 | B349: 113.66 | C349: 5.75 | D349: =LN((B349+C349/12)/B348) -> -0.00018250906 | E349: 0.010132483 | F349: =D349-E349 -> -0.010314992 | G349: =AVERAGE(F350:F355) -> 0.0085837403 | H349: 1 | I349: 0.75642055 | J349: =INTERCEPT($G$168:G343,$I$168:I343) -> 0.00023669354 | K349: =SLOPE($G$168:G343,$I$168:I343) -> -0.0020260293 | L349: =J349+K349*I349 -> -0.0012958367 | M349: =AVERAGE($G$168:G343) -> -0.00040869844 | N349: =(L349-G349)^2 -> 9.7606042e-05 | O349: =(M349-G349)^2 -> 8.0863955e-05 | P349: =1-AVERAGE($N$348:N349)/AVERAGE($O$348:O349) -> -0.22272278 | Q349: =O349-N349+(M349-L349)^2 -> -1.5955073e-05
A350: 29311 | B350: 102.09 | C350: 5.8 | D350: =LN((B350+C350/12)/B349) -> -0.10263361 | E350: 0.011861426 | F350: =D350-E350 -> -0.11449504 | G350: =AVERAGE(F351:F356) -> 0.031116193 | H350: 1 | I350: 0.92920706 | J350: =INTERCEPT($G$168:G344,$I$168:I344) -> 0.0003076457 | K350: =SLOPE($G$168:G344,$I$168:I344) -> -0.0025223877 | L350: =J350+K350*I350 -> -0.0020361748 | M350: =AVERAGE($G$168:G344) -> -0.0005021136 | N350: =(L350-G350)^2 -> 0.0010990795 | O350: =(M350-G350)^2 -> 0.00099971733 | P350: =1-AVERAGE($N$348:N350)/AVERAGE($O$348:O350) -> -0.11336775 | Q350: =O350-N350+(M350-L350)^2 -> -9.7008833e-05
A351: 29341 | B351: 106.29 | C351: 5.84667 | D351: =LN((B351+C351/12)/B350) -> 0.044889899 | E351: 0.010385726 | F351: =D351-E351 -> 0.034504172 | G351: =AVERAGE(F352:F357) -> 0.027144012 | H351: 1 | I351: 0.9583998 | J351: =INTERCEPT($G$168:G345,$I$168:I345) -> 0.00029731684 | K351: =SLOPE($G$168:G345,$I$168:I345) -> -0.0024393507 | L351: =J351+K351*I351 -> -0.0020405563 | M351: =AVERAGE($G$168:G345) -> -0.00049119948 | N351: =(L351-G351)^2 -> 0.00085173903 | O351: =(M351-G351)^2 -> 0.00076370492 | P351: =1-AVERAGE($N$348:N351)/AVERAGE($O$348:O351) -> -0.11413689 | Q351: =O351-N351+(M351-L351)^2 -> -8.5633608e-05
A352: 29372 | B352: 111.24 | C352: 5.89333 | D352: =LN((B352+C352/12)/B351) -> 0.049923953 | E352: 0.0068833355 | F352: =D352-E352 -> 0.043040618 | G352: =AVERAGE(F353:F358) -> 0.035023646 | H352: 1 | I352: 0.90418591 | J352: =INTERCEPT($G$168:G346,$I$168:I346) -> 0.00027291988 | K352: =SLOPE($G$168:G346,$I$168:I346) -> -0.0022927686 | L352: =J352+K352*I352 -> -0.0018001692 | M352: =AVERAGE($G$168:G346) -> -0.00047459556 | N352: =(L352-G352)^2 -> 0.0013559934 | O352: =(M352-G352)^2 -> 0.0012601251 | P352: =1-AVERAGE($N$348:N352)/AVERAGE($O$348:O352) -> -0.098918373 | Q352: =O352-N352+(M352-L352)^2 -> -9.4111064e-05
A353: 29402 | B353: 114.24 | C353: 5.94 | D353: =LN((B353+C353/12)/B352) -> 0.030935093 | E353: 0.0057089543 | F353: =D353-E353 -> 0.025226138 | G353: =AVERAGE(F354:F359) -> 0.02369251 | H353: 1 | I353: 0.90184426 | J353: =INTERCEPT($G$168:G347,$I$168:I347) -> 0.00024573073 | K353: =SLOPE($G$168:G347,$I$168:I347) -> -0.0021043232 | L353: =J353+K353*I353 -> -0.0016520411 | M353: =AVERAGE($G$168:G347) -> -0.00044543136 | N353: =(L353-G353)^2 -> 0.00064234629 | O353: =(M353-G353)^2 -> 0.00058264023 | P353: =1-AVERAGE($N$348:N353)/AVERAGE($O$348:O353) -> -0.099473341 | Q353: =O353-N353+(M353-L353)^2 -> -5.8250149e-05
A354: 29433 | B354: 121.67 | C354: 5.98333 | D354: =LN((B354+C354/12)/B353) -> 0.067100652 | E354: 0.0064806124 | F354: =D354-E354 -> 0.060620039 | G354: =AVERAGE(F355:F360) -> 0.0044940046 | H354: 1 | I354: 0.66543703 | J354: =INTERCEPT($G$168:G348,$I$168:I348) -> 0.00022298229 | K354: =SLOPE($G$168:G348,$I$168:I348) -> -0.0019074026 | L354: =J354+K354*I354 -> -0.001046274 | M354: =AVERAGE($G$168:G348) -> -0.00040744469 | N354: =(L354-G354)^2 -> 3.0694687e-05 | O354: =(M354-G354)^2 -> 2.4024205e-05 | P354: =1-AVERAGE($N$348:N354)/AVERAGE($O$348:O354) -> -0.10061244 | Q354: =O354-N354+(M354-L354)^2 -> -6.2623792e-06
A355: 29464 | B355: 122.38 | C355: 6.02667 | D355: =LN((B355+C355/12)/B354) -> 0.0099138869 | E355: 0.0073073733 | F355: =D355-E355 -> 0.0026065135 | G355: =AVERAGE(F356:F361) -> 0.0049899219 | H355: 0 | I355: 0.73320639 | J355: =INTERCEPT($G$168:G349,$I$168:I349) -> 0.00018257269 | K355: =SLOPE($G$168:G349,$I$168:I349) -> -0.0016241712 | L355: =J355+K355*I355 -> -0.00100828 | M355: =AVERAGE($G$168:G349) -> -0.00035804258 | N355: =(L355-G355)^2 -> 3.5978426e-05 | O355: =(M355-G355)^2 -> 2.8600724e-05 | P355: =1-AVERAGE($N$348:N355)/AVERAGE($O$348:O355) -> -0.10180087 | Q355: =O355-N355+(M355-L355)^2 -> -6.9548934e-06
A356: 29494 | B356: 125.46 | C356: 6.07 | D356: =LN((B356+C356/12)/B355) -> 0.028879763 | E356: 0.0081800854 | F356: =D356-E356 -> 0.020699678 | G356: =AVERAGE(F357:F362) -> 0.006329072 | H356: 0 | I356: 0.99004791 | J356: =INTERCEPT($G$168:G350,$I$168:I350) -> -7.0882793e-05 | K356: =SLOPE($G$168:G350,$I$168:I350) -> -0.00034264904 | L356: =J356+K356*I356 -> -0.00041012176 | M356: =AVERAGE($G$168:G350) -> -0.00018605222 | N356: =(L356-G356)^2 -> 4.5416733e-05 | O356: =(M356-G356)^2 -> 4.2446844e-05 | P356: =1-AVERAGE($N$348:N356)/AVERAGE($O$348:O356) -> -0.10144798 | Q356: =O356-N356+(M356-L356)^2 -> -2.9196818e-06
A357: 29525 | B357: 127.47 | C357: 6.1 | D357: =LN((B357+C357/12)/B356) -> 0.019874013 | E357: 0.0092029272 | F357: =D357-E357 -> 0.010671086 | G357: =AVERAGE(F358:F363) -> -0.00053764178 | H357: 0 | I357: 0.9847649 | J357: =INTERCEPT($G$168:G351,$I$168:I351) -> -0.00029699384 | K357: =SLOPE($G$168:G351,$I$168:I351) -> 0.00076429166 | L357: =J357+K357*I357 -> 0.00045565375 | M357: =AVERAGE($G$168:G351) -> -3.7519258e-05 | N357: =(L357-G357)^2 -> 9.8663602e-07 | O357: =(M357-G357)^2 -> 2.5012254e-07 | P357: =1-AVERAGE($N$348:N357)/AVERAGE($O$348:O357) -> -0.10163369 | Q357: =O357-N357+(M357-L357)^2 -> -4.9329386e-07
A358: 29555 | B358: 140.52 | C358: 6.13 | D358: =LN((B358+C358/12)/B357) -> 0.10109752 | E358: 0.0107791 | F358: =D358-E358 -> 0.090318421 | G358: =AVERAGE(F359:F364) -> -0.017313349 | H358: 0 | I358: 0.11747251 | J358: =INTERCEPT($G$168:G352,$I$168:I352) -> -0.00053370203 | K358: =SLOPE($G$168:G352,$I$168:I352) -> 0.0020017638 | L358: =J358+K358*I358 -> -0.00029854982 | M358: =AVERAGE($G$168:G352) -> 0.00015200055 | N358: =(L358-G358)^2 -> 0.00028950339 | O358: =(M358-G358)^2 -> 0.00030503843 | P358: =1-AVERAGE($N$348:N358)/AVERAGE($O$348:O358) -> -0.090377394 | Q358: =O358-N358+(M358-L358)^2 -> 1.5738039e-05
A359: 29586 | B359: 135.75999 | C359: 6.16 | D359: =LN((B359+C359/12)/B358) -> -0.030687225 | E359: 0.012073449 | F359: =D359-E359 -> -0.042760675 | G359: =AVERAGE(F360:F365) -> -0.01317475 | H359: 0 | I359: 0.027845012 | J359: =INTERCEPT($G$168:G353,$I$168:I353) -> -0.00068205988 | K359: =SLOPE($G$168:G353,$I$168:I353) -> 0.0027799312 | L359: =J359+K359*I359 -> -0.00060465267 | M359: =AVERAGE($G$168:G353) -> 0.00027856243 | N359: =(L359-G359)^2 -> 0.00015800735 | O359: =(M359-G359)^2 -> 0.00018099161 | P359: =1-AVERAGE($N$348:N359)/AVERAGE($O$348:O359) -> -0.081260617 | Q359: =O359-N359+(M359-L359)^2 -> 2.3764337e-05
... A896: 45930 | B896: 6688.46 | C896: 78.48 | D896: =LN((B896+C896/12)/B895) -> 0.035691445 | E896: 0.0032094047 | F896: =D896-E896 -> 0.03248204 | G896: =AVERAGE(F897:F902) -> -0.006063722 | H896: 0 | I896: 0.4116973 | J896: =INTERCEPT($G$168:G890,$I$168:I890) -> 0.0061701664 | K896: =SLOPE($G$168:G890,$I$168:I890) -> -0.0076534037 | L896: =J896+K896*I896 -> 0.0030192808 | M896: =AVERAGE($G$168:G890) -> 0.0045690252 | N896: =(L896-G896)^2 -> 8.250094e-05 | O896: =(M896-G896)^2 -> 0.00011305531 | P896: =1-AVERAGE($N$348:N896)/AVERAGE($O$348:O896) -> -0.00064707848 | Q896: =O896-N896+(M896-L896)^2 -> 3.2956083e-05
A897: 45961 | B897: 6840.2002 | C897: 78.826667 | D897: =LN((B897+C897/12)/B896) -> 0.023393227 | E897: 0.0031289219 | F897: =D897-E897 -> 0.020264305 | H897: 0 | I897: 0.41197601 | J897: =INTERCEPT($G$168:G891,$I$168:I891) -> 0.0061639291 | K897: =SLOPE($G$168:G891,$I$168:I891) -> -0.0074258649 | L897: =J897+K897*I897 -> 0.0031046509 | M897: =AVERAGE($G$168:G891) -> 0.0046068126
A898: 45991 | B898: 6849.0898 | C898: 79.173333 | D898: =LN((B898+C898/12)/B897) -> 0.0022616179 | E898: 0.0030967089 | F898: =D898-E898 -> -0.00083509098 | H898: 0 | I898: 0.38487792 | J898: =INTERCEPT($G$168:G892,$I$168:I892) -> 0.0061683642 | K898: =SLOPE($G$168:G892,$I$168:I892) -> -0.007318885 | L898: =J898+K898*I898 -> 0.0033514869 | M898: =AVERAGE($G$168:G892) -> 0.0046311279
A899: 46022 | B899: 6845.5 | C899: 79.52 | D899: =LN((B899+C899/12)/B898) -> 0.00044329246 | E899: 0.0029435416 | F899: =D899-E899 -> -0.0025002491 | H899: 0 | I899: 0.39857116 | J899: =INTERCEPT($G$168:G893,$I$168:I893) -> 0.0061735383 | K899: =SLOPE($G$168:G893,$I$168:I893) -> -0.0072715989 | L899: =J899+K899*I899 -> 0.0032752887 | M899: =AVERAGE($G$168:G893) -> 0.0046442431
A900: 46053 | B900: 6939.0298 | C900: 79.61 | D900: =LN((B900+C900/12)/B899) -> 0.014526071 | E900: 0.0029274037 | F900: =D900-E900 -> 0.011598667 | H900: 0 | I900: 0.40245649 | J900: =INTERCEPT($G$168:G894,$I$168:I894) -> 0.0061812735 | K900: =SLOPE($G$168:G894,$I$168:I894) -> -0.0072487564 | L900: =J900+K900*I900 -> 0.0032639645 | M900: =AVERAGE($G$168:G894) -> 0.0046556297
A901: 46081 | B901: 6878.8799 | C901: 79.7 | D901: =LN((B901+C901/12)/B900) -> -0.0077410835 | E901: 0.0029516094 | F901: =D901-E901 -> -0.010692693 | H901: 0 | I901: 0.39380894 | J901: =INTERCEPT($G$168:G895,$I$168:I895) -> 0.0061843933 | K901: =SLOPE($G$168:G895,$I$168:I895) -> -0.0072316071 | L901: =J901+K901*I901 -> 0.0033365218 | M901: =AVERAGE($G$168:G895) -> 0.004660754
A902: 46112 | B902: 6528.52 | C902: 79.79 | D902: =LN((B902+C902/12)/B901) -> -0.051257595 | E902: 0.0029596766 | F902: =D902-E902 -> -0.054217272 | H902: 0 | I902: 0.3821108 | J902: =INTERCEPT($G$168:G896,$I$168:I896) -> 0.0061801824 | K902: =SLOPE($G$168:G896,$I$168:I896) -> -0.007271928 | L902: =J902+K902*I902 -> 0.0034015002 | M902: =AVERAGE($G$168:G896) -> 0.0046460428
A905: M&S-Fenster (1980-01 bis 2019-12) - Replikation | I905: Full-Fenster (1980-01 bis 2026-03) - Sample-Erweiterung
A906: Spec | B906: M2 | I906: Spec | J906: M2
A907: Horizont h | B907: 6 | I907: Horizont h | J907: 6
A908: OOS-Start | B908: 1980-01 | I908: OOS-Start | J908: 1980-01
A909: OOS-Ende | B909: 2019-12 | I909: OOS-Ende | J909: letzter Monat mit realisiertem Y
A910: n Forecast-Monate | B910: =COUNT(Q348:Q827) -> 480 | I910: n Forecast-Monate | J910: =COUNT(Q348:Q896) -> 549
A912: R²_OS (Campbell-Thompson) | B912: =1-AVERAGE(N348:N827)/AVERAGE(O348:O827) -> 0.029212978 | I912: R²_OS (Campbell-Thompson) | J912: =1-AVERAGE(N348:N896)/AVERAGE(O348:O896) -> -0.00064707848
A914: Clark-West-Test (Newey-West HAC, Bartlett-Kernel, L = h = 6) | I914: Clark-West-Test (Newey-West HAC, Bartlett-Kernel, L = h = 6)
A915: f-quer (Mittelwert) | B915: =AVERAGE(Q348:Q827) -> 1.3489679e-05 | I915: f-quer (Mittelwert) | J915: =AVERAGE(Q348:Q896) -> 4.0122506e-06
A916: n | B916: =COUNT(Q348:Q827) -> 480 | I916: n | J916: =COUNT(Q348:Q896) -> 549
A917: HAC-Lag L (= h) | B917: 6 | I917: HAC-Lag L (= h) | J917: 6
A918: gamma_0 (Varianz) | B918: =SUMPRODUCT((Q348:Q827-$B$915)^2)/$B$916 -> 4.4381048e-09 | I918: gamma_0 (Varianz) | J918: =SUMPRODUCT((Q348:Q896-$J$915)^2)/$J$916 -> 5.5134081e-09
A919: NW LRV | B919: =$B$918+2*SUM(G927:G932) -> 1.7564087e-08 | I919: NW LRV | J919: =$J$918+2*SUM(O927:O932) -> 2.2743292e-08
A920: HAC SE | B920: =SQRT($B$919/$B$916) -> 6.0491196e-06 | I920: HAC SE | J920: =SQRT($J$919/$J$916) -> 6.4363625e-06
A921: z-Statistik | B921: =$B$915/$B$920 -> 2.2300235 | I921: z-Statistik | J921: =$J$915/$J$920 -> 0.62337238
A922: p-Wert (einseitig) | B922: =1-_xlfn.NORM.S.DIST($B$921,TRUE) -> 0.012872941 | I922: p-Wert (einseitig) | J922: =1-_xlfn.NORM.S.DIST($J$921,TRUE) -> 0.26651992
A923: Signifikanz | B923: =IF($B$921>2.326,"*** (1%)",IF($B$921>1.645,"** (5%)",IF($B$921>1.282,"* (10%)","n.s."))) -> ** (5%) | I923: Signifikanz | J923: =IF($J$921>2.326,"*** (1%)",IF($J$921>1.645,"** (5%)",IF($J$921>1.282,"* (10%)","n.s."))) -> n.s.
D926: k | E926: w_k (Bartlett) | F926: gamma_k | G926: w_k * gamma_k | L926: k | M926: w_k (Bartlett) | N926: gamma_k | O926: w_k * gamma_k
D927: 1 | E927: =1-D927/($B$917+1) -> 0.85714286 | F927: =SUMPRODUCT((OFFSET($Q$348,0,0,$B$916-D927,1)-$B$915)*(OFFSET($Q$348,D927,0,$B$916-D927,1)-$B$915))/$B$916 -> 3.6054295e-09 | G927: =E927*F927 -> 3.0903681e-09 | L927: 1 | M927: =1-L927/($J$917+1) -> 0.85714286 | N927: =SUMPRODUCT((OFFSET($Q$348,0,0,$J$916-L927,1)-$J$915)*(OFFSET($Q$348,L927,0,$J$916-L927,1)-$J$915))/$J$916 -> 4.5161036e-09 | O927: =M927*N927 -> 3.8709459e-09
D928: 2 | E928: =1-D928/($B$917+1) -> 0.71428571 | F928: =SUMPRODUCT((OFFSET($Q$348,0,0,$B$916-D928,1)-$B$915)*(OFFSET($Q$348,D928,0,$B$916-D928,1)-$B$915))/$B$916 -> 2.7185271e-09 | G928: =E928*F928 -> 1.9418051e-09 | L928: 2 | M928: =1-L928/($J$917+1) -> 0.71428571 | N928: =SUMPRODUCT((OFFSET($Q$348,0,0,$J$916-L928,1)-$J$915)*(OFFSET($Q$348,L928,0,$J$916-L928,1)-$J$915))/$J$916 -> 3.4114416e-09 | O928: =M928*N928 -> 2.436744e-09
D929: 3 | E929: =1-D929/($B$917+1) -> 0.57142857 | F929: =SUMPRODUCT((OFFSET($Q$348,0,0,$B$916-D929,1)-$B$915)*(OFFSET($Q$348,D929,0,$B$916-D929,1)-$B$915))/$B$916 -> 1.9162989e-09 | G929: =E929*F929 -> 1.0950279e-09 | L929: 3 | M929: =1-L929/($J$917+1) -> 0.57142857 | N929: =SUMPRODUCT((OFFSET($Q$348,0,0,$J$916-L929,1)-$J$915)*(OFFSET($Q$348,L929,0,$J$916-L929,1)-$J$915))/$J$916 -> 2.543656e-09 | O929: =M929*N929 -> 1.4535177e-09
D930: 4 | E930: =1-D930/($B$917+1) -> 0.42857143 | F930: =SUMPRODUCT((OFFSET($Q$348,0,0,$B$916-D930,1)-$B$915)*(OFFSET($Q$348,D930,0,$B$916-D930,1)-$B$915))/$B$916 -> 1.0631047e-09 | G930: =E930*F930 -> 4.5561629e-10 | L930: 4 | M930: =1-L930/($J$917+1) -> 0.42857143 | N930: =SUMPRODUCT((OFFSET($Q$348,0,0,$J$916-L930,1)-$J$915)*(OFFSET($Q$348,L930,0,$J$916-L930,1)-$J$915))/$J$916 -> 1.6200707e-09 | O930: =M930*N930 -> 6.9431603e-10
D931: 5 | E931: =1-D931/($B$917+1) -> 0.28571429 | F931: =SUMPRODUCT((OFFSET($Q$348,0,0,$B$916-D931,1)-$B$915)*(OFFSET($Q$348,D931,0,$B$916-D931,1)-$B$915))/$B$916 -> 2.4038248e-10 | G931: =E931*F931 -> 6.8680708e-11 | L931: 5 | M931: =1-L931/($J$917+1) -> 0.28571429 | N931: =SUMPRODUCT((OFFSET($Q$348,0,0,$J$916-L931,1)-$J$915)*(OFFSET($Q$348,L931,0,$J$916-L931,1)-$J$915))/$J$916 -> 6.5377098e-10 | O931: =M931*N931 -> 1.8679171e-10
D932: 6 | E932: =1-D932/($B$917+1) -> 0.14285714 | F932: =SUMPRODUCT((OFFSET($Q$348,0,0,$B$916-D932,1)-$B$915)*(OFFSET($Q$348,D932,0,$B$916-D932,1)-$B$915))/$B$916 -> -6.1954849e-10 | G932: =E932*F932 -> -8.8506927e-11 | L932: 6 | M932: =1-L932/($J$917+1) -> 0.14285714 | N932: =SUMPRODUCT((OFFSET($Q$348,0,0,$J$916-L932,1)-$J$915)*(OFFSET($Q$348,L932,0,$J$916-L932,1)-$J$915))/$J$916 -> -1.9161278e-10 | O932: =M932*N932 -> -2.7373254e-11

Sheet M3_h6
A1: date | B1: sp500_price | C1: D_12m | D1: sp500_log_total_return | E1: rfree | F1: log_equity_prem | G1: fwd_avg_log_eqprem (Y) | H1: usrec | I1: p_M3_h6 | J1: alpha | K1: beta | L1: forecast | M1: benchmark | N1: se_model | O1: se_benchmark | P1: rolling_R2_OS | Q1: clark_west_f
A2: 18718 | B2: 21.48 | C2: 1.52 | E2: 0.0011592468 | G2: =AVERAGE(F3:F8) -> 0.017735197 | H2: 0
A3: 18748 | B3: 22.43 | C3: 1.53333 | D3: =LN((B3+C3/12)/B2) -> 0.048957672 | E3: 0.0012168233 | F3: =D3-E3 -> 0.047740849 | G3: =AVERAGE(F4:F9) -> 0.0081528208 | H3: 0
A4: 18779 | B4: 21.52 | C4: 1.54667 | D4: =LN((B4+C4/12)/B3) -> -0.035445197 | E4: 0.0012825803 | F4: =D4-E4 -> -0.036727777 | G4: =AVERAGE(F5:F10) -> 0.014498353 | H4: 0
A5: 18809 | B5: 20.959999 | C5: 1.56 | D5: =LN((B5+C5/12)/B4) -> -0.020183805 | E5: 0.0012003766 | F5: =D5-E5 -> -0.021384182 | G5: =AVERAGE(F6:F11) -> 0.025006023 | H5: 0
A6: 18840 | B6: 22.4 | C6: 1.54667 | D6: =LN((B6+C6/12)/B5) -> 0.072182616 | E6: 0.0012907966 | F6: =D6-E6 -> 0.070891819 | G6: =AVERAGE(F7:F12) -> 0.016359711 | H6: 0
A7: 18871 | B7: 23.280001 | C7: 1.53333 | D7: =LN((B7+C7/12)/B6) -> 0.044007426 | E7: 0.0013400788 | F7: =D7-E7 -> 0.042667348 | G7: =AVERAGE(F8:F13) -> 0.0036906955 | H7: 0
A8: 18901 | B8: 23.26 | C8: 1.52 | D8: =LN((B8+C8/12)/B7) -> 0.0045714168 | E8: 0.0013482899 | F8: =D8-E8 -> 0.0032231269 | G8: =AVERAGE(F9:F14) -> 0.011511216 | H8: 0
A9: 18932 | B9: 22.940001 | C9: 1.48333 | D9: =LN((B9+C9/12)/B8) -> -0.0084790469 | E9: 0.0012743633 | F9: =D9-E9 -> -0.0097534102 | G9: =AVERAGE(F10:F15) -> 0.0064295319 | H9: 0
A10: 18962 | B10: 22.879999 | C10: 1.44667 | D10: =LN((B10+C10/12)/B9) -> 0.0026362108 | E10: 0.0012907966 | F10: =D10-E10 -> 0.0013454142 | G10: =AVERAGE(F11:F16) -> 0.010626579 | H10: 0
A11: 18993 | B11: 23.77 | C11: 1.41 | D11: =LN((B11+C11/12)/B10) -> 0.043092199 | E11: 0.0014303602 | F11: =D11-E11 -> 0.041661839 | G11: =AVERAGE(F12:F17) -> 0.011765392 | H11: 0
A12: 19024 | B12: 24.139999 | C12: 1.41333 | D12: =LN((B12+C12/12)/B11) -> 0.020312962 | E12: 0.0012990121 | F12: =D12-E12 -> 0.01901395 | G12: =AVERAGE(F13:F18) -> 0.012050505 | H12: 0
A13: 19053 | B13: 23.26 | C13: 1.41667 | D13: =LN((B13+C13/12)/B12) -> -0.032072383 | E13: 0.0012743633 | F13: =D13-E13 -> -0.033346746 | G13: =AVERAGE(F14:F19) -> 0.01571322 | H13: 0
A14: 19084 | B14: 24.370001 | C14: 1.42 | D14: =LN((B14+C14/12)/B13) -> 0.051461691 | E14: 0.001315441 | F14: =D14-E14 -> 0.05014625 | G14: =AVERAGE(F15:F20) -> 0.0046433855 | H14: 0
... A167: 23742 | B167: 84.75 | C167: 2.5 | D167: =LN((B167+C167/12)/B166) -> 0.0063566216 | E167: 0.0031450242 | F167: =D167-E167 -> 0.0032115974 | G167: =AVERAGE(F168:F173) -> -0.0019740875 | H167: 0
A168: 23773 | B168: 87.559998 | C168: 2.51667 | D168: =LN((B168+C168/12)/B167) -> 0.035010821 | E168: 0.0031208697 | F168: =D168-E168 -> 0.031889951 | G168: =AVERAGE(F169:F174) -> -0.0051619072 | H168: 0 | I168: 0.57444073
A169: 23801 | B169: 87.43 | C169: 2.53333 | D169: =LN((B169+C169/12)/B168) -> 0.00092594832 | E169: 0.003217449 | F169: =D169-E169 -> -0.0022915007 | G169: =AVERAGE(F170:F175) -> -0.0011715115 | H169: 0 | I169: 0.62844364
A170: 23832 | B170: 86.160004 | C170: 2.55 | D170: =LN((B170+C170/12)/B169) -> -0.012169096 | E170: 0.003217449 | F170: =D170-E170 -> -0.015386545 | G170: =AVERAGE(F171:F176) -> 0.0065190003 | H170: 0 | I170: 0.66314583
A171: 23862 | B171: 89.110001 | C171: 2.57 | D171: =LN((B171+C171/12)/B170) -> 0.036066006 | E171: 0.003217449 | F171: =D171-E171 -> 0.032848557 | G171: =AVERAGE(F172:F177) -> 0.0053932415 | H171: 0 | I171: 0.69212037
A172: 23893 | B172: 88.419998 | C172: 2.59 | D172: =LN((B172+C172/12)/B171) -> -0.0053353739 | E172: 0.0031852673 | F172: =D172-E172 -> -0.0085206412 | G172: =AVERAGE(F173:F178) -> 0.0051973562 | H172: 0 | I172: 0.71180007
A173: 23923 | B173: 84.120003 | C173: 2.61 | D173: =LN((B173+C173/12)/B172) -> -0.047271529 | E173: 0.0031128168 | F173: =D173-E173 -> -0.050384346 | G173: =AVERAGE(F174:F179) -> 0.014891706 | H173: 0 | I173: 0.72352211
A174: 23954 | B174: 85.25 | C174: 2.62667 | D174: =LN((B174+C174/12)/B173) -> 0.015908057 | E174: 0.0031450242 | F174: =D174-E174 -> 0.012763033 | G174: =AVERAGE(F175:F180) -> 0.013358741 | H174: 0 | I174: 0.75150286
A175: 23985 | B175: 87.169998 | C175: 2.64333 | D175: =LN((B175+C175/12)/B174) -> 0.024795898 | E175: 0.0031450242 | F175: =D175-E175 -> 0.021650874 | G175: =AVERAGE(F176:F181) -> 0.0065318106 | H175: 0 | I175: 0.76694181
A176: 24015 | B176: 89.959999 | C176: 2.66 | D176: =LN((B176+C176/12)/B175) -> 0.03396593 | E176: 0.0032094047 | F176: =D176-E176 -> 0.030756526 | G176: =AVERAGE(F177:F182) -> -0.0024627327 | H176: 0 | I176: 0.79230119
A177: 24046 | B177: 92.419998 | C177: 2.68 | D177: =LN((B177+C177/12)/B176) -> 0.029391858 | E177: 0.0032978538 | F177: =D177-E177 -> 0.026094004 | G177: =AVERAGE(F178:F183) -> -0.0036306415 | H177: 0 | I177: 0.8281802
A178: 24076 | B178: 91.610001 | C178: 2.7 | D178: =LN((B178+C178/12)/B177) -> -0.0063498904 | E178: 0.0033460626 | F178: =D178-E178 -> -0.009695953 | G178: =AVERAGE(F179:F184) -> -0.011469543 | H178: 0 | I178: 0.84411348
A179: 24107 | B179: 92.43 | C179: 2.72 | D179: =LN((B179+C179/12)/B178) -> 0.011360466 | E179: 0.0035787134 | F179: =D179-E179 -> 0.0077817528 | G179: =AVERAGE(F180:F185) -> -0.015627449 | H179: 0 | I179: 0.88236131
... A347: 29220 | B347: 107.94 | C347: 5.65 | D347: =LN((B347+C347/12)/B346) -> 0.020980621 | E347: 0.0095188323 | F347: =D347-E347 -> 0.011461788 | G347: =AVERAGE(F348:F353) -> 0.0047749606 | H347: 0 | I347: 0.79729524
A348: 29251 | B348: 114.16 | C348: 5.7 | D348: =LN((B348+C348/12)/B347) -> 0.06017766 | E348: 0.0094887929 | F348: =D348-E348 -> 0.050688867 | G348: =AVERAGE(F349:F354) -> 0.006430156 | H348: 0 | I348: 0.59723487 | J348: =INTERCEPT($G$168:G342,$I$168:I342) -> -0.0017917386 | K348: =SLOPE($G$168:G342,$I$168:I342) -> 0.0039161154 | L348: =J348+K348*I348 -> 0.00054710209 | M348: =AVERAGE($G$168:G342) -> -0.0004194671 | N348: =(L348-G348)^2 -> 3.4610323e-05 | O348: =(M348-G348)^2 -> 4.6917337e-05 | P348: =1-AVERAGE($N$348:N348)/AVERAGE($O$348:O348) -> 0.2623127 | Q348: =O348-N348+(M348-L348)^2 -> 1.3241269e-05
A349: 29280 | B349: 113.66 | C349: 5.75 | D349: =LN((B349+C349/12)/B348) -> -0.00018250906 | E349: 0.010132483 | F349: =D349-E349 -> -0.010314992 | G349: =AVERAGE(F350:F355) -> 0.0085837403 | H349: 1 | I349: 0.63551095 | J349: =INTERCEPT($G$168:G343,$I$168:I343) -> -0.0017873601 | K349: =SLOPE($G$168:G343,$I$168:I343) -> 0.0039264243 | L349: =J349+K349*I349 -> 0.00070792555 | M349: =AVERAGE($G$168:G343) -> -0.00040869844 | N349: =(L349-G349)^2 -> 6.2028459e-05 | O349: =(M349-G349)^2 -> 8.0863955e-05 | P349: =1-AVERAGE($N$348:N349)/AVERAGE($O$348:O349) -> 0.24371729 | Q349: =O349-N349+(M349-L349)^2 -> 2.0082346e-05
A350: 29311 | B350: 102.09 | C350: 5.8 | D350: =LN((B350+C350/12)/B349) -> -0.10263361 | E350: 0.011861426 | F350: =D350-E350 -> -0.11449504 | G350: =AVERAGE(F351:F356) -> 0.031116193 | H350: 1 | I350: 0.92072191 | J350: =INTERCEPT($G$168:G344,$I$168:I344) -> -0.0017961941 | K350: =SLOPE($G$168:G344,$I$168:I344) -> 0.0036708276 | L350: =J350+K350*I350 -> 0.0015836173 | M350: =AVERAGE($G$168:G344) -> -0.0005021136 | N350: =(L350-G350)^2 -> 0.00087217304 | O350: =(M350-G350)^2 -> 0.00099971733 | P350: =1-AVERAGE($N$348:N350)/AVERAGE($O$348:O350) -> 0.14074234 | Q350: =O350-N350+(M350-L350)^2 -> 0.00013189456
A351: 29341 | B351: 106.29 | C351: 5.84667 | D351: =LN((B351+C351/12)/B350) -> 0.044889899 | E351: 0.010385726 | F351: =D351-E351 -> 0.034504172 | G351: =AVERAGE(F352:F357) -> 0.027144012 | H351: 1 | I351: 0.89115683 | J351: =INTERCEPT($G$168:G345,$I$168:I345) -> -0.0017970722 | K351: =SLOPE($G$168:G345,$I$168:I345) -> 0.0036848657 | L351: =J351+K351*I351 -> 0.0014867211 | M351: =AVERAGE($G$168:G345) -> -0.00049119948 | N351: =(L351-G351)^2 -> 0.00065829658 | O351: =(M351-G351)^2 -> 0.00076370492 | P351: =1-AVERAGE($N$348:N351)/AVERAGE($O$348:O351) -> 0.13964395 | Q351: =O351-N351+(M351-L351)^2 -> 0.00010932051
A352: 29372 | B352: 111.24 | C352: 5.89333 | D352: =LN((B352+C352/12)/B351) -> 0.049923953 | E352: 0.0068833355 | F352: =D352-E352 -> 0.043040618 | G352: =AVERAGE(F353:F358) -> 0.035023646 | H352: 1 | I352: 0.12077641 | J352: =INTERCEPT($G$168:G346,$I$168:I346) -> -0.001801014 | K352: =SLOPE($G$168:G346,$I$168:I346) -> 0.0037194417 | L352: =J352+K352*I352 -> -0.0013517931 | M352: =AVERAGE($G$168:G346) -> -0.00047459556 | N352: =(L352-G352)^2 -> 0.0013231726 | O352: =(M352-G352)^2 -> 0.0012601251 | P352: =1-AVERAGE($N$348:N352)/AVERAGE($O$348:O352) -> 0.06379776 | Q352: =O352-N352+(M352-L352)^2 -> -6.2277943e-05
A353: 29402 | B353: 114.24 | C353: 5.94 | D353: =LN((B353+C353/12)/B352) -> 0.030935093 | E353: 0.0057089543 | F353: =D353-E353 -> 0.025226138 | G353: =AVERAGE(F354:F359) -> 0.02369251 | H353: 1 | I353: 0.03165183 | J353: =INTERCEPT($G$168:G347,$I$168:I347) -> -0.0018135552 | K353: =SLOPE($G$168:G347,$I$168:I347) -> 0.0038102312 | L353: =J353+K353*I353 -> -0.0016929544 | M353: =AVERAGE($G$168:G347) -> -0.00044543136 | N353: =(L353-G353)^2 -> 0.00064442182 | O353: =(M353-G353)^2 -> 0.00058264023 | P353: =1-AVERAGE($N$348:N353)/AVERAGE($O$348:O353) -> 0.037297076 | Q353: =O353-N353+(M353-L353)^2 -> -6.0225275e-05
A354: 29433 | B354: 121.67 | C354: 5.98333 | D354: =LN((B354+C354/12)/B353) -> 0.067100652 | E354: 0.0064806124 | F354: =D354-E354 -> 0.060620039 | G354: =AVERAGE(F355:F360) -> 0.0044940046 | H354: 1 | I354: 0.046585728 | J354: =INTERCEPT($G$168:G348,$I$168:I348) -> -0.0018097191 | K354: =SLOPE($G$168:G348,$I$168:I348) -> 0.0038910815 | L354: =J354+K354*I354 -> -0.0016284503 | M354: =AVERAGE($G$168:G348) -> -0.00040744469 | N354: =(L354-G354)^2 -> 3.7484453e-05 | O354: =(M354-G354)^2 -> 2.4024205e-05 | P354: =1-AVERAGE($N$348:N354)/AVERAGE($O$348:O354) -> 0.033476877 | Q354: =O354-N354+(M354-L354)^2 -> -1.1969394e-05
A355: 29464 | B355: 122.38 | C355: 6.02667 | D355: =LN((B355+C355/12)/B354) -> 0.0099138869 | E355: 0.0073073733 | F355: =D355-E355 -> 0.0026065135 | G355: =AVERAGE(F356:F361) -> 0.0049899219 | H355: 0 | I355: 0.074499427 | J355: =INTERCEPT($G$168:G349,$I$168:I349) -> -0.0018108659 | K355: =SLOPE($G$168:G349,$I$168:I349) -> 0.0040145067 | L355: =J355+K355*I355 -> -0.0015117875 | M355: =AVERAGE($G$168:G349) -> -0.00035804258 | N355: =(L355-G355)^2 -> 4.2272224e-05 | O355: =(M355-G355)^2 -> 2.8600724e-05 | P355: =1-AVERAGE($N$348:N355)/AVERAGE($O$348:O355) -> 0.029613521 | Q355: =O355-N355+(M355-L355)^2 -> -1.2340373e-05
A356: 29494 | B356: 125.46 | C356: 6.07 | D356: =LN((B356+C356/12)/B355) -> 0.028879763 | E356: 0.0081800854 | F356: =D356-E356 -> 0.020699678 | G356: =AVERAGE(F357:F362) -> 0.006329072 | H356: 0 | I356: 0.1486962 | J356: =INTERCEPT($G$168:G350,$I$168:I350) -> -0.0019829182 | K356: =SLOPE($G$168:G350,$I$168:I350) -> 0.0049236345 | L356: =J356+K356*I356 -> -0.0012507925 | M356: =AVERAGE($G$168:G350) -> -0.00018605222 | N356: =(L356-G356)^2 -> 5.7454345e-05 | O356: =(M356-G356)^2 -> 4.2446844e-05 | P356: =1-AVERAGE($N$348:N356)/AVERAGE($O$348:O356) -> 0.02536585 | Q356: =O356-N356+(M356-L356)^2 -> -1.387383e-05
A357: 29525 | B357: 127.47 | C357: 6.1 | D357: =LN((B357+C357/12)/B356) -> 0.019874013 | E357: 0.0092029272 | F357: =D357-E357 -> 0.010671086 | G357: =AVERAGE(F358:F363) -> -0.00053764178 | H357: 0 | I357: 0.29872004 | J357: =INTERCEPT($G$168:G351,$I$168:I351) -> -0.0021109126 | K357: =SLOPE($G$168:G351,$I$168:I351) -> 0.0056371789 | L357: =J357+K357*I357 -> -0.00042697431 | M357: =AVERAGE($G$168:G351) -> -3.7519258e-05 | N357: =(L357-G357)^2 -> 1.2247289e-08 | O357: =(M357-G357)^2 -> 2.5012254e-07 | P357: =1-AVERAGE($N$348:N357)/AVERAGE($O$348:O357) -> 0.025426313 | Q357: =O357-N357+(M357-L357)^2 -> 3.8955049e-07
A358: 29555 | B358: 140.52 | C358: 6.13 | D358: =LN((B358+C358/12)/B357) -> 0.10109752 | E358: 0.0107791 | F358: =D358-E358 -> 0.090318421 | G358: =AVERAGE(F359:F364) -> -0.017313349 | H358: 0 | I358: 0.75278637 | J358: =INTERCEPT($G$168:G352,$I$168:I352) -> -0.0017335754 | K358: =SLOPE($G$168:G352,$I$168:I352) -> 0.005145217 | L358: =J358+K358*I358 -> 0.0021396738 | M358: =AVERAGE($G$168:G352) -> 0.00015200055 | N358: =(L358-G358)^2 -> 0.00037842009 | O358: =(M358-G358)^2 -> 0.00030503843 | P358: =1-AVERAGE($N$348:N358)/AVERAGE($O$348:O358) -> 0.0058009618 | Q358: =O358-N358+(M358-L358)^2 -> -6.9430817e-05
A359: 29586 | B359: 135.75999 | C359: 6.16 | D359: =LN((B359+C359/12)/B358) -> -0.030687225 | E359: 0.012073449 | F359: =D359-E359 -> -0.042760675 | G359: =AVERAGE(F360:F365) -> -0.01317475 | H359: 0 | I359: 0.96823921 | J359: =INTERCEPT($G$168:G353,$I$168:I353) -> -0.0014302566 | K359: =SLOPE($G$168:G353,$I$168:I353) -> 0.0046859133 | L359: =J359+K359*I359 -> 0.0031068284 | M359: =AVERAGE($G$168:G353) -> 0.00027856243 | N359: =(L359-G359)^2 -> 0.00026508979 | O359: =(M359-G359)^2 -> 0.00018099161 | P359: =1-AVERAGE($N$348:N359)/AVERAGE($O$348:O359) -> -0.01393062 | Q359: =O359-N359+(M359-L359)^2 -> -7.6099091e-05
... A896: 45930 | B896: 6688.46 | C896: 78.48 | D896: =LN((B896+C896/12)/B895) -> 0.035691445 | E896: 0.0032094047 | F896: =D896-E896 -> 0.03248204 | G896: =AVERAGE(F897:F902) -> -0.006063722 | H896: 0 | I896: 0.77335328 | J896: =INTERCEPT($G$168:G890,$I$168:I890) -> 0.006103413 | K896: =SLOPE($G$168:G890,$I$168:I890) -> -0.0081651181 | L896: =J896+K896*I896 -> -0.00021110784 | M896: =AVERAGE($G$168:G890) -> 0.0045690252 | N896: =(L896-G896)^2 -> 3.4253093e-05 | O896: =(M896-G896)^2 -> 0.00011305531 | P896: =1-AVERAGE($N$348:N896)/AVERAGE($O$348:O896) -> 0.0018913175 | Q896: =O896-N896+(M896-L896)^2 -> 0.00010165189
A897: 45961 | B897: 6840.2002 | C897: 78.826667 | D897: =LN((B897+C897/12)/B896) -> 0.023393227 | E897: 0.0031289219 | F897: =D897-E897 -> 0.020264305 | H897: 0 | I897: 0.77056798 | J897: =INTERCEPT($G$168:G891,$I$168:I891) -> 0.0060724465 | K897: =SLOPE($G$168:G891,$I$168:I891) -> -0.0077668016 | L897: =J897+K897*I897 -> 8.7597807e-05 | M897: =AVERAGE($G$168:G891) -> 0.0046068126
A898: 45991 | B898: 6849.0898 | C898: 79.173333 | D898: =LN((B898+C898/12)/B897) -> 0.0022616179 | E898: 0.0030967089 | F898: =D898-E898 -> -0.00083509098 | H898: 0 | I898: 0.76283213 | J898: =INTERCEPT($G$168:G892,$I$168:I892) -> 0.0060504897 | K898: =SLOPE($G$168:G892,$I$168:I892) -> -0.0074900632 | L898: =J898+K898*I898 -> 0.00033682881 | M898: =AVERAGE($G$168:G892) -> 0.0046311279
A899: 46022 | B899: 6845.5 | C899: 79.52 | D899: =LN((B899+C899/12)/B898) -> 0.00044329246 | E899: 0.0029435416 | F899: =D899-E899 -> -0.0025002491 | H899: 0 | I899: 0.74680449 | J899: =INTERCEPT($G$168:G893,$I$168:I893) -> 0.0060362607 | K899: =SLOPE($G$168:G893,$I$168:I893) -> -0.0073146827 | L899: =J899+K899*I899 -> 0.00057362283 | M899: =AVERAGE($G$168:G893) -> 0.0046442431
A900: 46053 | B900: 6939.0298 | C900: 79.61 | D900: =LN((B900+C900/12)/B899) -> 0.014526071 | E900: 0.0029274037 | F900: =D900-E900 -> 0.011598667 | H900: 0 | I900: 0.73012239 | J900: =INTERCEPT($G$168:G894,$I$168:I894) -> 0.0060233987 | K900: =SLOPE($G$168:G894,$I$168:I894) -> -0.0071569484 | L900: =J900+K900*I900 -> 0.0007979505 | M900: =AVERAGE($G$168:G894) -> 0.0046556297
A901: 46081 | B901: 6878.8799 | C901: 79.7 | D901: =LN((B901+C901/12)/B900) -> -0.0077410835 | E901: 0.0029516094 | F901: =D901-E901 -> -0.010692693 | H901: 0 | I901: 0.71873428 | J901: =INTERCEPT($G$168:G895,$I$168:I895) -> 0.0060154 | K901: =SLOPE($G$168:G895,$I$168:I895) -> -0.007058639 | L901: =J901+K901*I901 -> 0.00094211426 | M901: =AVERAGE($G$168:G895) -> 0.004660754
A902: 46112 | B902: 6528.52 | C902: 79.79 | D902: =LN((B902+C902/12)/B901) -> -0.051257595 | E902: 0.0029596766 | F902: =D902-E902 -> -0.054217272 | H902: 0 | I902: 0.70031523 | J902: =INTERCEPT($G$168:G896,$I$168:I896) -> 0.006021982 | K902: =SLOPE($G$168:G896,$I$168:I896) -> -0.0071399175 | L902: =J902+K902*I902 -> 0.0010217889 | M902: =AVERAGE($G$168:G896) -> 0.0046460428
A905: M&S-Fenster (1980-01 bis 2019-12) - Replikation | I905: Full-Fenster (1980-01 bis 2026-03) - Sample-Erweiterung
A906: Spec | B906: M3 | I906: Spec | J906: M3
A907: Horizont h | B907: 6 | I907: Horizont h | J907: 6
A908: OOS-Start | B908: 1980-01 | I908: OOS-Start | J908: 1980-01
A909: OOS-Ende | B909: 2019-12 | I909: OOS-Ende | J909: letzter Monat mit realisiertem Y
A910: n Forecast-Monate | B910: =COUNT(Q348:Q827) -> 480 | I910: n Forecast-Monate | J910: =COUNT(Q348:Q896) -> 549
A912: R²_OS (Campbell-Thompson) | B912: =1-AVERAGE(N348:N827)/AVERAGE(O348:O827) -> 0.028788008 | I912: R²_OS (Campbell-Thompson) | J912: =1-AVERAGE(N348:N896)/AVERAGE(O348:O896) -> 0.0018913175
A914: Clark-West-Test (Newey-West HAC, Bartlett-Kernel, L = h = 6) | I914: Clark-West-Test (Newey-West HAC, Bartlett-Kernel, L = h = 6)
A915: f-quer (Mittelwert) | B915: =AVERAGE(Q348:Q827) -> 1.2262449e-05 | I915: f-quer (Mittelwert) | J915: =AVERAGE(Q348:Q896) -> 4.1326166e-06
A916: n | B916: =COUNT(Q348:Q827) -> 480 | I916: n | J916: =COUNT(Q348:Q896) -> 549
A917: HAC-Lag L (= h) | B917: 6 | I917: HAC-Lag L (= h) | J917: 6
A918: gamma_0 (Varianz) | B918: =SUMPRODUCT((Q348:Q827-$B$915)^2)/$B$916 -> 2.5033462e-09 | I918: gamma_0 (Varianz) | J918: =SUMPRODUCT((Q348:Q896-$J$915)^2)/$J$916 -> 3.8245757e-09
A919: NW LRV | B919: =$B$918+2*SUM(G927:G932) -> 9.9510723e-09 | I919: NW LRV | J919: =$J$918+2*SUM(O927:O932) -> 1.6232586e-08
A920: HAC SE | B920: =SQRT($B$919/$B$916) -> 4.5531748e-06 | I920: HAC SE | J920: =SQRT($J$919/$J$916) -> 5.4376053e-06
A921: z-Statistik | B921: =$B$915/$B$920 -> 2.6931646 | I921: z-Statistik | J921: =$J$915/$J$920 -> 0.76000671
A922: p-Wert (einseitig) | B922: =1-_xlfn.NORM.S.DIST($B$921,TRUE) -> 0.0035388658 | I922: p-Wert (einseitig) | J922: =1-_xlfn.NORM.S.DIST($J$921,TRUE) -> 0.22362529
A923: Signifikanz | B923: =IF($B$921>2.326,"*** (1%)",IF($B$921>1.645,"** (5%)",IF($B$921>1.282,"* (10%)","n.s."))) -> *** (1%) | I923: Signifikanz | J923: =IF($J$921>2.326,"*** (1%)",IF($J$921>1.645,"** (5%)",IF($J$921>1.282,"* (10%)","n.s."))) -> n.s.
D926: k | E926: w_k (Bartlett) | F926: gamma_k | G926: w_k * gamma_k | L926: k | M926: w_k (Bartlett) | N926: gamma_k | O926: w_k * gamma_k
D927: 1 | E927: =1-D927/($B$917+1) -> 0.85714286 | F927: =SUMPRODUCT((OFFSET($Q$348,0,0,$B$916-D927,1)-$B$915)*(OFFSET($Q$348,D927,0,$B$916-D927,1)-$B$915))/$B$916 -> 1.9949843e-09 | G927: =E927*F927 -> 1.7099866e-09 | L927: 1 | M927: =1-L927/($J$917+1) -> 0.85714286 | N927: =SUMPRODUCT((OFFSET($Q$348,0,0,$J$916-L927,1)-$J$915)*(OFFSET($Q$348,L927,0,$J$916-L927,1)-$J$915))/$J$916 -> 3.0884618e-09 | O927: =M927*N927 -> 2.6472529e-09
D928: 2 | E928: =1-D928/($B$917+1) -> 0.71428571 | F928: =SUMPRODUCT((OFFSET($Q$348,0,0,$B$916-D928,1)-$B$915)*(OFFSET($Q$348,D928,0,$B$916-D928,1)-$B$915))/$B$916 -> 1.5119571e-09 | G928: =E928*F928 -> 1.0799694e-09 | L928: 2 | M928: =1-L928/($J$917+1) -> 0.71428571 | N928: =SUMPRODUCT((OFFSET($Q$348,0,0,$J$916-L928,1)-$J$915)*(OFFSET($Q$348,L928,0,$J$916-L928,1)-$J$915))/$J$916 -> 2.404043e-09 | O928: =M928*N928 -> 1.7171736e-09
D929: 3 | E929: =1-D929/($B$917+1) -> 0.57142857 | F929: =SUMPRODUCT((OFFSET($Q$348,0,0,$B$916-D929,1)-$B$915)*(OFFSET($Q$348,D929,0,$B$916-D929,1)-$B$915))/$B$916 -> 1.085862e-09 | G929: =E929*F929 -> 6.2049258e-10 | L929: 3 | M929: =1-L929/($J$917+1) -> 0.57142857 | N929: =SUMPRODUCT((OFFSET($Q$348,0,0,$J$916-L929,1)-$J$915)*(OFFSET($Q$348,L929,0,$J$916-L929,1)-$J$915))/$J$916 -> 1.8965235e-09 | O929: =M929*N929 -> 1.0837277e-09
D930: 4 | E930: =1-D930/($B$917+1) -> 0.42857143 | F930: =SUMPRODUCT((OFFSET($Q$348,0,0,$B$916-D930,1)-$B$915)*(OFFSET($Q$348,D930,0,$B$916-D930,1)-$B$915))/$B$916 -> 6.2241302e-10 | G930: =E930*F930 -> 2.6674844e-10 | L930: 4 | M930: =1-L930/($J$917+1) -> 0.42857143 | N930: =SUMPRODUCT((OFFSET($Q$348,0,0,$J$916-L930,1)-$J$915)*(OFFSET($Q$348,L930,0,$J$916-L930,1)-$J$915))/$J$916 -> 1.2882275e-09 | O930: =M930*N930 -> 5.5209752e-10
D931: 5 | E931: =1-D931/($B$917+1) -> 0.28571429 | F931: =SUMPRODUCT((OFFSET($Q$348,0,0,$B$916-D931,1)-$B$915)*(OFFSET($Q$348,D931,0,$B$916-D931,1)-$B$915))/$B$916 -> 2.5032977e-10 | G931: =E931*F931 -> 7.1522792e-11 | L931: 5 | M931: =1-L931/($J$917+1) -> 0.28571429 | N931: =SUMPRODUCT((OFFSET($Q$348,0,0,$J$916-L931,1)-$J$915)*(OFFSET($Q$348,L931,0,$J$916-L931,1)-$J$915))/$J$916 -> 6.6006874e-10 | O931: =M931*N931 -> 1.8859107e-10
D932: 6 | E932: =1-D932/($B$917+1) -> 0.14285714 | F932: =SUMPRODUCT((OFFSET($Q$348,0,0,$B$916-D932,1)-$B$915)*(OFFSET($Q$348,D932,0,$B$916-D932,1)-$B$915))/$B$916 -> -1.7399713e-10 | G932: =E932*F932 -> -2.4856733e-11 | L932: 6 | M932: =1-L932/($J$917+1) -> 0.14285714 | N932: =SUMPRODUCT((OFFSET($Q$348,0,0,$J$916-L932,1)-$J$915)*(OFFSET($Q$348,L932,0,$J$916-L932,1)-$J$915))/$J$916 -> 1.0613625e-10 | O932: =M932*N932 -> 1.5162321e-11

Sheet M1_h12
A1: date | B1: sp500_price | C1: D_12m | D1: sp500_log_total_return | E1: rfree | F1: log_equity_prem | G1: fwd_avg_log_eqprem (Y) | H1: usrec | I1: p_M1_h12 | J1: alpha | K1: beta | L1: forecast | M1: benchmark | N1: se_model | O1: se_benchmark | P1: rolling_R2_OS | Q1: clark_west_f
A2: 18718 | B2: 21.48 | C2: 1.52 | E2: 0.0011592468 | G2: =AVERAGE(F3:F14) -> 0.014623207 | H2: 0
A3: 18748 | B3: 22.43 | C3: 1.53333 | D3: =LN((B3+C3/12)/B2) -> 0.048957672 | E3: 0.0012168233 | F3: =D3-E3 -> 0.047740849 | G3: =AVERAGE(F4:F15) -> 0.0072911763 | H3: 0
A4: 18779 | B4: 21.52 | C4: 1.54667 | D4: =LN((B4+C4/12)/B3) -> -0.035445197 | E4: 0.0012825803 | F4: =D4-E4 -> -0.036727777 | G4: =AVERAGE(F5:F16) -> 0.012562466 | H4: 0
A5: 18809 | B5: 20.959999 | C5: 1.56 | D5: =LN((B5+C5/12)/B4) -> -0.020183805 | E5: 0.0012003766 | F5: =D5-E5 -> -0.021384182 | G5: =AVERAGE(F6:F17) -> 0.018385708 | H5: 0
A6: 18840 | B6: 22.4 | C6: 1.54667 | D6: =LN((B6+C6/12)/B5) -> 0.072182616 | E6: 0.0012907966 | F6: =D6-E6 -> 0.070891819 | G6: =AVERAGE(F7:F18) -> 0.014205108 | H6: 0
A7: 18871 | B7: 23.280001 | C7: 1.53333 | D7: =LN((B7+C7/12)/B6) -> 0.044007426 | E7: 0.0013400788 | F7: =D7-E7 -> 0.042667348 | G7: =AVERAGE(F8:F19) -> 0.0097019578 | H7: 0
A8: 18901 | B8: 23.26 | C8: 1.52 | D8: =LN((B8+C8/12)/B7) -> 0.0045714168 | E8: 0.0013482899 | F8: =D8-E8 -> 0.0032231269 | G8: =AVERAGE(F9:F20) -> 0.0080773007 | H8: 0
A9: 18932 | B9: 22.940001 | C9: 1.48333 | D9: =LN((B9+C9/12)/B8) -> -0.0084790469 | E9: 0.0012743633 | F9: =D9-E9 -> -0.0097534102 | G9: =AVERAGE(F10:F21) -> 0.0091081562 | H9: 0
A10: 18962 | B10: 22.879999 | C10: 1.44667 | D10: =LN((B10+C10/12)/B9) -> 0.0026362108 | E10: 0.0012907966 | F10: =D10-E10 -> 0.0013454142 | G10: =AVERAGE(F11:F22) -> 0.013039974 | H10: 0
A11: 18993 | B11: 23.77 | C11: 1.41 | D11: =LN((B11+C11/12)/B10) -> 0.043092199 | E11: 0.0014303602 | F11: =D11-E11 -> 0.041661839 | G11: =AVERAGE(F12:F23) -> 0.012696214 | H11: 0
A12: 19024 | B12: 24.139999 | C12: 1.41333 | D12: =LN((B12+C12/12)/B11) -> 0.020312962 | E12: 0.0012990121 | F12: =D12-E12 -> 0.01901395 | G12: =AVERAGE(F13:F24) -> 0.010749116 | H12: 0
A13: 19053 | B13: 23.26 | C13: 1.41667 | D13: =LN((B13+C13/12)/B12) -> -0.032072383 | E13: 0.0012743633 | F13: =D13-E13 -> -0.033346746 | G13: =AVERAGE(F14:F25) -> 0.012239364 | H13: 0
A14: 19084 | B14: 24.370001 | C14: 1.42 | D14: =LN((B14+C14/12)/B13) -> 0.051461691 | E14: 0.001315441 | F14: =D14-E14 -> 0.05014625 | G14: =AVERAGE(F15:F26) -> 0.0063223201 | H14: 0
... A167: 23742 | B167: 84.75 | C167: 2.5 | D167: =LN((B167+C167/12)/B166) -> 0.0063566216 | E167: 0.0031450242 | F167: =D167-E167 -> 0.0032115974 | G167: =AVERAGE(F168:F179) -> 0.0064588093 | H167: 0
A168: 23773 | B168: 87.559998 | C168: 2.51667 | D168: =LN((B168+C168/12)/B167) -> 0.035010821 | E168: 0.0031208697 | F168: =D168-E168 -> 0.031889951 | G168: =AVERAGE(F169:F180) -> 0.0040984167 | H168: 0 | I168: 0.68363484
A169: 23801 | B169: 87.43 | C169: 2.53333 | D169: =LN((B169+C169/12)/B168) -> 0.00092594832 | E169: 0.003217449 | F169: =D169-E169 -> -0.0022915007 | G169: =AVERAGE(F170:F181) -> 0.0026801495 | H169: 0 | I169: 0.71429912
A170: 23832 | B170: 86.160004 | C170: 2.55 | D170: =LN((B170+C170/12)/B169) -> -0.012169096 | E170: 0.003217449 | F170: =D170-E170 -> -0.015386545 | G170: =AVERAGE(F171:F182) -> 0.0020281338 | H170: 0 | I170: 0.71838442
A171: 23862 | B171: 89.110001 | C171: 2.57 | D171: =LN((B171+C171/12)/B170) -> 0.036066006 | E171: 0.003217449 | F171: =D171-E171 -> 0.032848557 | G171: =AVERAGE(F172:F183) -> 0.00088129999 | H171: 0 | I171: 0.71627094
A172: 23893 | B172: 88.419998 | C172: 2.59 | D172: =LN((B172+C172/12)/B171) -> -0.0053353739 | E172: 0.0031852673 | F172: =D172-E172 -> -0.0085206412 | G172: =AVERAGE(F173:F184) -> -0.0031360935 | H172: 0 | I172: 0.69722337
A173: 23923 | B173: 84.120003 | C173: 2.61 | D173: =LN((B173+C173/12)/B172) -> -0.047271529 | E173: 0.0031128168 | F173: =D173-E173 -> -0.050384346 | G173: =AVERAGE(F174:F185) -> -0.00036787161 | H173: 0 | I173: 0.66302521
A174: 23954 | B174: 85.25 | C174: 2.62667 | D174: =LN((B174+C174/12)/B173) -> 0.015908057 | E174: 0.0031450242 | F174: =D174-E174 -> 0.012763033 | G174: =AVERAGE(F175:F186) -> -0.002649953 | H174: 0 | I174: 0.66840366
A175: 23985 | B175: 87.169998 | C175: 2.64333 | D175: =LN((B175+C175/12)/B174) -> 0.024795898 | E175: 0.0031450242 | F175: =D175-E175 -> 0.021650874 | G175: =AVERAGE(F176:F187) -> -0.011277964 | H175: 0 | I175: 0.64739947
A176: 24015 | B176: 89.959999 | C176: 2.66 | D176: =LN((B176+C176/12)/B175) -> 0.03396593 | E176: 0.0032094047 | F176: =D176-E176 -> 0.030756526 | G176: =AVERAGE(F177:F188) -> -0.014529032 | H176: 0 | I176: 0.65049789
A177: 24046 | B177: 92.419998 | C177: 2.68 | D177: =LN((B177+C177/12)/B176) -> 0.029391858 | E177: 0.0032978538 | F177: =D177-E177 -> 0.026094004 | G177: =AVERAGE(F178:F189) -> -0.012946228 | H177: 0 | I177: 0.6799169
A178: 24076 | B178: 91.610001 | C178: 2.7 | D178: =LN((B178+C178/12)/B177) -> -0.0063498904 | E178: 0.0033460626 | F178: =D178-E178 -> -0.009695953 | G178: =AVERAGE(F179:F190) -> -0.011991655 | H178: 0 | I178: 0.66427572
A179: 24107 | B179: 92.43 | C179: 2.72 | D179: =LN((B179+C179/12)/B178) -> 0.011360466 | E179: 0.0035787134 | F179: =D179-E179 -> 0.0077817528 | G179: =AVERAGE(F180:F191) -> -0.012853636 | H179: 0 | I179: 0.71844544
... A347: 29220 | B347: 107.94 | C347: 5.65 | D347: =LN((B347+C347/12)/B346) -> 0.020980621 | E347: 0.0095188323 | F347: =D347-E347 -> 0.011461788 | G347: =AVERAGE(F348:F359) -> 0.014233736 | H347: 0 | I347: 0.93161432
A348: 29251 | B348: 114.16 | C348: 5.7 | D348: =LN((B348+C348/12)/B347) -> 0.06017766 | E348: 0.0094887929 | F348: =D348-E348 -> 0.050688867 | G348: =AVERAGE(F349:F360) -> 0.0054620803 | H348: 0 | I348: 0.7825239 | J348: =INTERCEPT($G$168:G336,$I$168:I336) -> 0.0022129268 | K348: =SLOPE($G$168:G336,$I$168:I336) -> -0.0081079697 | L348: =J348+K348*I348 -> -0.0041317533 | M348: =AVERAGE($G$168:G336) -> -0.00064639422 | N348: =(L348-G348)^2 -> 9.2041644e-05 | O348: =(M348-G348)^2 -> 3.7313461e-05 | P348: =1-AVERAGE($N$348:N348)/AVERAGE($O$348:O348) -> -1.4667142 | Q348: =O348-N348+(M348-L348)^2 -> -4.2580455e-05
A349: 29280 | B349: 113.66 | C349: 5.75 | D349: =LN((B349+C349/12)/B348) -> -0.00018250906 | E349: 0.010132483 | F349: =D349-E349 -> -0.010314992 | G349: =AVERAGE(F350:F361) -> 0.0067868311 | H349: 1 | I349: 0.8100679 | J349: =INTERCEPT($G$168:G337,$I$168:I337) -> 0.0021208381 | K349: =SLOPE($G$168:G337,$I$168:I337) -> -0.0076379121 | L349: =J349+K349*I349 -> -0.0040663893 | M349: =AVERAGE($G$168:G337) -> -0.00058544459 | N349: =(L349-G349)^2 -> 0.00011779239 | O349: =(M349-G349)^2 -> 5.4350449e-05 | P349: =1-AVERAGE($N$348:N349)/AVERAGE($O$348:O349) -> -1.2891674 | Q349: =O349-N349+(M349-L349)^2 -> -5.1324968e-05
A350: 29311 | B350: 102.09 | C350: 5.8 | D350: =LN((B350+C350/12)/B349) -> -0.10263361 | E350: 0.011861426 | F350: =D350-E350 -> -0.11449504 | G350: =AVERAGE(F351:F362) -> 0.018722633 | H350: 1 | I350: 0.98251435 | J350: =INTERCEPT($G$168:G338,$I$168:I338) -> 0.0021292775 | K350: =SLOPE($G$168:G338,$I$168:I338) -> -0.0076761358 | L350: =J350+K350*I350 -> -0.005412636 | M350: =AVERAGE($G$168:G338) -> -0.00060554884 | N350: =(L350-G350)^2 -> 0.00058251119 | O350: =(M350-G350)^2 -> 0.0003735786 | P350: =1-AVERAGE($N$348:N350)/AVERAGE($O$348:O350) -> -0.70308004 | Q350: =O350-N350+(M350-L350)^2 -> -0.00018582451
A351: 29341 | B351: 106.29 | C351: 5.84667 | D351: =LN((B351+C351/12)/B350) -> 0.044889899 | E351: 0.010385726 | F351: =D351-E351 -> 0.034504172 | G351: =AVERAGE(F352:F363) -> 0.013303185 | H351: 1 | I351: 0.96893531 | J351: =INTERCEPT($G$168:G339,$I$168:I339) -> 0.002116984 | K351: =SLOPE($G$168:G339,$I$168:I339) -> -0.0076134139 | L351: =J351+K351*I351 -> -0.0052599216 | M351: =AVERAGE($G$168:G339) -> -0.00060792631 | N351: =(L351-G351)^2 -> 0.00034458893 | O351: =(M351-G351)^2 -> 0.00019351902 | P351: =1-AVERAGE($N$348:N351)/AVERAGE($O$348:O351) -> -0.72586606 | Q351: =O351-N351+(M351-L351)^2 -> -0.00012942885
A352: 29372 | B352: 111.24 | C352: 5.89333 | D352: =LN((B352+C352/12)/B351) -> 0.049923953 | E352: 0.0068833355 | F352: =D352-E352 -> 0.043040618 | G352: =AVERAGE(F353:F364) -> 0.0088551485 | H352: 1 | I352: 0.1546058 | J352: =INTERCEPT($G$168:G340,$I$168:I340) -> 0.0020288827 | K352: =SLOPE($G$168:G340,$I$168:I340) -> -0.0072336804 | L352: =J352+K352*I352 -> 0.00091051376 | M352: =AVERAGE($G$168:G340) -> -0.00057512996 | N352: =(L352-G352)^2 -> 6.3117221e-05 | O352: =(M352-G352)^2 -> 8.8930152e-05 | P352: =1-AVERAGE($N$348:N352)/AVERAGE($O$348:O352) -> -0.60500834 | Q352: =O352-N352+(M352-L352)^2 -> 2.8020068e-05
A353: 29402 | B353: 114.24 | C353: 5.94 | D353: =LN((B353+C353/12)/B352) -> 0.030935093 | E353: 0.0057089543 | F353: =D353-E353 -> 0.025226138 | G353: =AVERAGE(F354:F365) -> 0.0052588802 | H353: 1 | I353: 0.032607748 | J353: =INTERCEPT($G$168:G341,$I$168:I341) -> 0.0019780301 | K353: =SLOPE($G$168:G341,$I$168:I341) -> -0.0069829446 | L353: =J353+K353*I353 -> 0.001750332 | M353: =AVERAGE($G$168:G341) -> -0.00054738607 | N353: =(L353-G353)^2 -> 1.2309911e-05 | O353: =(M353-G353)^2 -> 3.3712728e-05 | P353: =1-AVERAGE($N$348:N353)/AVERAGE($O$348:O353) -> -0.55151581 | Q353: =O353-N353+(M353-L353)^2 -> 2.6682326e-05
A354: 29433 | B354: 121.67 | C354: 5.98333 | D354: =LN((B354+C354/12)/B353) -> 0.067100652 | E354: 0.0064806124 | F354: =D354-E354 -> 0.060620039 | G354: =AVERAGE(F355:F366) -> -0.00060982084 | H354: 1 | I354: 0.050755045 | J354: =INTERCEPT($G$168:G342,$I$168:I342) -> 0.0018953102 | K354: =SLOPE($G$168:G342,$I$168:I342) -> -0.0065758856 | L354: =J354+K354*I354 -> 0.0015615509 | M354: =AVERAGE($G$168:G342) -> -0.00049377748 | N354: =(L354-G354)^2 -> 4.7148551e-06 | O354: =(M354-G354)^2 -> 1.3466062e-08 | P354: =1-AVERAGE($N$348:N354)/AVERAGE($O$348:O354) -> -0.55752279 | Q354: =O354-N354+(M354-L354)^2 -> -4.7701443e-07
A355: 29464 | B355: 122.38 | C355: 6.02667 | D355: =LN((B355+C355/12)/B354) -> 0.0099138869 | E355: 0.0073073733 | F355: =D355-E355 -> 0.0026065135 | G355: =AVERAGE(F356:F367) -> -0.0068114505 | H355: 0 | I355: 0.086822511 | J355: =INTERCEPT($G$168:G343,$I$168:I343) -> 0.0018275492 | K355: =SLOPE($G$168:G343,$I$168:I343) -> -0.0062709397 | L355: =J355+K355*I355 -> 0.0012830905 | M355: =AVERAGE($G$168:G343) -> -0.00046239364 | N355: =(L355-G355)^2 -> 6.5521594e-05 | O355: =(M355-G355)^2 -> 4.0310523e-05 | P355: =1-AVERAGE($N$348:N355)/AVERAGE($O$348:O355) -> -0.56085362 | Q355: =O355-N355+(M355-L355)^2 -> -2.2164356e-05
A356: 29494 | B356: 125.46 | C356: 6.07 | D356: =LN((B356+C356/12)/B355) -> 0.028879763 | E356: 0.0081800854 | F356: =D356-E356 -> 0.020699678 | G356: =AVERAGE(F357:F368) -> -0.013716743 | H356: 0 | I356: 0.18741706 | J356: =INTERCEPT($G$168:G344,$I$168:I344) -> 0.0016883463 | K356: =SLOPE($G$168:G344,$I$168:I344) -> -0.005734025 | L356: =J356+K356*I356 -> 0.00061369222 | M356: =AVERAGE($G$168:G344) -> -0.00041974449 | N356: =(L356-G356)^2 -> 0.00020536139 | O356: =(M356-G356)^2 -> 0.00017681018 | P356: =1-AVERAGE($N$348:N356)/AVERAGE($O$348:O356) -> -0.49013685 | Q356: =O356-N356+(M356-L356)^2 -> -2.7483214e-05
A357: 29525 | B357: 127.47 | C357: 6.1 | D357: =LN((B357+C357/12)/B356) -> 0.019874013 | E357: 0.0092029272 | F357: =D357-E357 -> 0.010671086 | G357: =AVERAGE(F358:F369) -> -0.011121615 | H357: 0 | I357: 0.39094535 | J357: =INTERCEPT($G$168:G345,$I$168:I345) -> 0.0014132692 | K357: =SLOPE($G$168:G345,$I$168:I345) -> -0.0047250699 | L357: =J357+K357*I357 -> -0.00043397497 | M357: =AVERAGE($G$168:G345) -> -0.00033709252 | N357: =(L357-G357)^2 -> 0.00011422564 | O357: =(M357-G357)^2 -> 0.00011630592 | P357: =1-AVERAGE($N$348:N357)/AVERAGE($O$348:O357) -> -0.43713744 | Q357: =O357-N357+(M357-L357)^2 -> 2.0896619e-06
A358: 29555 | B358: 140.52 | C358: 6.13 | D358: =LN((B358+C358/12)/B357) -> 0.10109752 | E358: 0.0107791 | F358: =D358-E358 -> 0.090318421 | G358: =AVERAGE(F359:F370) -> -0.01601086 | H358: 0 | I358: 0.87834059 | J358: =INTERCEPT($G$168:G346,$I$168:I346) -> 0.0010480658 | K358: =SLOPE($G$168:G346,$I$168:I346) -> -0.0034235166 | L358: =J358+K358*I358 -> -0.0019589478 | M358: =AVERAGE($G$168:G346) -> -0.00023044801 | N358: =(L358-G358)^2 -> 0.00019745623 | O358: =(M358-G358)^2 -> 0.0002490214 | P358: =1-AVERAGE($N$348:N358)/AVERAGE($O$348:O358) -> -0.31951463 | Q358: =O358-N358+(M358-L358)^2 -> 5.4552877e-05
A359: 29586 | B359: 135.75999 | C359: 6.16 | D359: =LN((B359+C359/12)/B358) -> -0.030687225 | E359: 0.012073449 | F359: =D359-E359 -> -0.042760675 | G359: =AVERAGE(F360:F371) -> -0.015335752 | H359: 0 | I359: 0.99442236 | J359: =INTERCEPT($G$168:G347,$I$168:I347) -> 0.00076753226 | K359: =SLOPE($G$168:G347,$I$168:I347) -> -0.0024369151 | L359: =J359+K359*I359 -> -0.0016557906 | M359: =AVERAGE($G$168:G347) -> -0.00015009144 | N359: =(L359-G359)^2 -> 0.00018714135 | O359: =(M359-G359)^2 -> 0.00023060429 | P359: =1-AVERAGE($N$348:N359)/AVERAGE($O$348:O359) -> -0.24604547 | Q359: =O359-N359+(M359-L359)^2 -> 4.5730072e-05
... A890: 45747 | B890: 5611.8501 | C890: 76.145301 | D890: =LN((B890+C890/12)/B889) -> -0.058136702 | E890: 0.0034343793 | F890: =D890-E890 -> -0.061571082 | G890: =AVERAGE(F891:F902) -> 0.010413678 | H890: 0 | I890: 0.50703496 | J890: =INTERCEPT($G$168:G878,$I$168:I878) -> 0.0067606005 | K890: =SLOPE($G$168:G878,$I$168:I878) -> -0.0081827444 | L890: =J890+K890*I890 -> 0.002611663 | M890: =AVERAGE($G$168:G878) -> 0.0045332522 | N890: =(L890-G890)^2 -> 6.0871432e-05 | O890: =(M890-G890)^2 -> 3.4579403e-05 | P890: =1-AVERAGE($N$348:N890)/AVERAGE($O$348:O890) -> -0.0013136698 | Q890: =O890-N890+(M890-L890)^2 -> -2.2599524e-05
A891: 45777 | B891: 5569.0601 | C891: 76.546867 | D891: =LN((B891+C891/12)/B890) -> -0.0065093986 | E891: 0.0034424038 | F891: =D891-E891 -> -0.0099518025 | H891: 0 | I891: 0.50468005 | J891: =INTERCEPT($G$168:G879,$I$168:I879) -> 0.0067537472 | K891: =SLOPE($G$168:G879,$I$168:I879) -> -0.0081345554 | L891: =J891+K891*I891 -> 0.0026483993 | M891: =AVERAGE($G$168:G879) -> 0.0045348884
A892: 45808 | B892: 5911.6899 | C892: 76.948434 | D892: =LN((B892+C892/12)/B891) -> 0.060789553 | E892: 0.003474495 | F892: =D892-E892 -> 0.057315058 | H892: 0 | I892: 0.48183123 | J892: =INTERCEPT($G$168:G880,$I$168:I880) -> 0.0067445924 | K892: =SLOPE($G$168:G880,$I$168:I880) -> -0.0080718999 | L892: =J892+K892*I892 -> 0.002855299 | M892: =AVERAGE($G$168:G880) -> 0.0045381042
A893: 45838 | B893: 6204.9502 | C893: 77.35 | D893: =LN((B893+C893/12)/B892) -> 0.049453937 | E893: 0.0034584508 | F893: =D893-E893 -> 0.045995487 | H893: 0 | I893: 0.48178316 | J893: =INTERCEPT($G$168:G881,$I$168:I881) -> 0.0067317746 | K893: =SLOPE($G$168:G881,$I$168:I881) -> -0.0079886711 | L893: =J893+K893*I893 -> 0.0028829674 | M893: =AVERAGE($G$168:G881) -> 0.0045430711
A894: 45869 | B894: 6339.3901 | C894: 77.726667 | D894: =LN((B894+C894/12)/B893) -> 0.022456399 | E894: 0.003474495 | F894: =D894-E894 -> 0.018981904 | H894: 0 | I894: 0.48004874 | J894: =INTERCEPT($G$168:G882,$I$168:I882) -> 0.0067173462 | K894: =SLOPE($G$168:G882,$I$168:I882) -> -0.0078953521 | L894: =J894+K894*I894 -> 0.0029271924 | M894: =AVERAGE($G$168:G882) -> 0.0045492905
A895: 45900 | B895: 6460.2598 | C895: 78.103333 | D895: =LN((B895+C895/12)/B894) -> 0.019893935 | E895: 0.0033701574 | F895: =D895-E895 -> 0.016523777 | H895: 0 | I895: 0.47695869 | J895: =INTERCEPT($G$168:G883,$I$168:I883) -> 0.0067010313 | K895: =SLOPE($G$168:G883,$I$168:I883) -> -0.007795578 | L895: =J895+K895*I895 -> 0.0029828626 | M895: =AVERAGE($G$168:G883) -> 0.0045551415
A896: 45930 | B896: 6688.46 | C896: 78.48 | D896: =LN((B896+C896/12)/B895) -> 0.035691445 | E896: 0.0032094047 | F896: =D896-E896 -> 0.03248204 | H896: 0 | I896: 0.46363799 | J896: =INTERCEPT($G$168:G884,$I$168:I884) -> 0.0066847959 | K896: =SLOPE($G$168:G884,$I$168:I884) -> -0.007691444 | L896: =J896+K896*I896 -> 0.0031187503 | M896: =AVERAGE($G$168:G884) -> 0.0045627516
A897: 45961 | B897: 6840.2002 | C897: 78.826667 | D897: =LN((B897+C897/12)/B896) -> 0.023393227 | E897: 0.0031289219 | F897: =D897-E897 -> 0.020264305 | H897: 0 | I897: 0.45459426 | J897: =INTERCEPT($G$168:G885,$I$168:I885) -> 0.0066735374 | K897: =SLOPE($G$168:G885,$I$168:I885) -> -0.007596232 | L897: =J897+K897*I897 -> 0.0032203339 | M897: =AVERAGE($G$168:G885) -> 0.0045741491
A898: 45991 | B898: 6849.0898 | C898: 79.173333 | D898: =LN((B898+C898/12)/B897) -> 0.0022616179 | E898: 0.0030967089 | F898: =D898-E898 -> -0.00083509098 | H898: 0 | I898: 0.44021044 | J898: =INTERCEPT($G$168:G886,$I$168:I886) -> 0.0066704395 | K898: =SLOPE($G$168:G886,$I$168:I886) -> -0.0075562251 | L898: =J898+K898*I898 -> 0.0033441103 | M898: =AVERAGE($G$168:G886) -> 0.0045792596
A899: 46022 | B899: 6845.5 | C899: 79.52 | D899: =LN((B899+C899/12)/B898) -> 0.00044329246 | E899: 0.0029435416 | F899: =D899-E899 -> -0.0025002491 | H899: 0 | I899: 0.39688163 | J899: =INTERCEPT($G$168:G887,$I$168:I887) -> 0.0066684214 | K899: =SLOPE($G$168:G887,$I$168:I887) -> -0.007511195 | L899: =J899+K899*I899 -> 0.003687366 | M899: =AVERAGE($G$168:G887) -> 0.0045872771
A900: 46053 | B900: 6939.0298 | C900: 79.61 | D900: =LN((B900+C900/12)/B899) -> 0.014526071 | E900: 0.0029274037 | F900: =D900-E900 -> 0.011598667 | H900: 0 | I900: 0.37993208 | J900: =INTERCEPT($G$168:G888,$I$168:I888) -> 0.0066694334 | K900: =SLOPE($G$168:G888,$I$168:I888) -> -0.0074848642 | L900: =J900+K900*I900 -> 0.0038256934 | M900: =AVERAGE($G$168:G888) -> 0.0045938096
A901: 46081 | B901: 6878.8799 | C901: 79.7 | D901: =LN((B901+C901/12)/B900) -> -0.0077410835 | E901: 0.0029516094 | F901: =D901-E901 -> -0.010692693 | H901: 0 | I901: 0.39603817 | J901: =INTERCEPT($G$168:G889,$I$168:I889) -> 0.0066689549 | K901: =SLOPE($G$168:G889,$I$168:I889) -> -0.0074495266 | L901: =J901+K901*I901 -> 0.003718658 | M901: =AVERAGE($G$168:G889) -> 0.0046010216
A902: 46112 | B902: 6528.52 | C902: 79.79 | D902: =LN((B902+C902/12)/B901) -> -0.051257595 | E902: 0.0029596766 | F902: =D902-E902 -> -0.054217272 | H902: 0 | I902: 0.37631031 | J902: =INTERCEPT($G$168:G890,$I$168:I890) -> 0.0066670664 | K902: =SLOPE($G$168:G890,$I$168:I890) -> -0.0074052958 | L902: =J902+K902*I902 -> 0.0038803772 | M902: =AVERAGE($G$168:G890) -> 0.0046090612
A905: M&S-Fenster (1980-01 bis 2019-12) - Replikation | I905: Full-Fenster (1980-01 bis 2026-03) - Sample-Erweiterung
A906: Spec | B906: M1 | I906: Spec | J906: M1
A907: Horizont h | B907: 12 | I907: Horizont h | J907: 12
A908: OOS-Start | B908: 1980-01 | I908: OOS-Start | J908: 1980-01
A909: OOS-Ende | B909: 2019-12 | I909: OOS-Ende | J909: letzter Monat mit realisiertem Y
A910: n Forecast-Monate | B910: =COUNT(Q348:Q827) -> 480 | I910: n Forecast-Monate | J910: =COUNT(Q348:Q890) -> 543
A912: R²_OS (Campbell-Thompson) | B912: =1-AVERAGE(N348:N827)/AVERAGE(O348:O827) -> 0.047642272 | I912: R²_OS (Campbell-Thompson) | J912: =1-AVERAGE(N348:N890)/AVERAGE(O348:O890) -> -0.0013136698
A914: Clark-West-Test (Newey-West HAC, Bartlett-Kernel, L = h = 12) | I914: Clark-West-Test (Newey-West HAC, Bartlett-Kernel, L = h = 12)
A915: f-quer (Mittelwert) | B915: =AVERAGE(Q348:Q827) -> 1.5288428e-05 | I915: f-quer (Mittelwert) | J915: =AVERAGE(Q348:Q890) -> 6.8857449e-06
A916: n | B916: =COUNT(Q348:Q827) -> 480 | I916: n | J916: =COUNT(Q348:Q890) -> 543
A917: HAC-Lag L (= h) | B917: 12 | I917: HAC-Lag L (= h) | J917: 12
A918: gamma_0 (Varianz) | B918: =SUMPRODUCT((Q348:Q827-$B$915)^2)/$B$916 -> 4.341894e-09 | I918: gamma_0 (Varianz) | J918: =SUMPRODUCT((Q348:Q890-$J$915)^2)/$J$916 -> 4.7852921e-09
A919: NW LRV | B919: =$B$918+2*SUM(G927:G938) -> 2.3414982e-08 | I919: NW LRV | J919: =$J$918+2*SUM(O927:O938) -> 3.0717962e-08
A920: HAC SE | B920: =SQRT($B$919/$B$916) -> 6.9843548e-06 | I920: HAC SE | J920: =SQRT($J$919/$J$916) -> 7.5213584e-06
A921: z-Statistik | B921: =$B$915/$B$920 -> 2.1889536 | I921: z-Statistik | J921: =$J$915/$J$920 -> 0.91549219
A922: p-Wert (einseitig) | B922: =1-_xlfn.NORM.S.DIST($B$921,TRUE) -> 0.014300108 | I922: p-Wert (einseitig) | J922: =1-_xlfn.NORM.S.DIST($J$921,TRUE) -> 0.17996665
A923: Signifikanz | B923: =IF($B$921>2.326,"*** (1%)",IF($B$921>1.645,"** (5%)",IF($B$921>1.282,"* (10%)","n.s."))) -> ** (5%) | I923: Signifikanz | J923: =IF($J$921>2.326,"*** (1%)",IF($J$921>1.645,"** (5%)",IF($J$921>1.282,"* (10%)","n.s."))) -> n.s.
D926: k | E926: w_k (Bartlett) | F926: gamma_k | G926: w_k * gamma_k | L926: k | M926: w_k (Bartlett) | N926: gamma_k | O926: w_k * gamma_k
D927: 1 | E927: =1-D927/($B$917+1) -> 0.92307692 | F927: =SUMPRODUCT((OFFSET($Q$348,0,0,$B$916-D927,1)-$B$915)*(OFFSET($Q$348,D927,0,$B$916-D927,1)-$B$915))/$B$916 -> 3.7859822e-09 | G927: =E927*F927 -> 3.4947528e-09 | L927: 1 | M927: =1-L927/($J$917+1) -> 0.92307692 | N927: =SUMPRODUCT((OFFSET($Q$348,0,0,$J$916-L927,1)-$J$915)*(OFFSET($Q$348,L927,0,$J$916-L927,1)-$J$915))/$J$916 -> 4.2503196e-09 | O927: =M927*N927 -> 3.923372e-09
D928: 2 | E928: =1-D928/($B$917+1) -> 0.84615385 | F928: =SUMPRODUCT((OFFSET($Q$348,0,0,$B$916-D928,1)-$B$915)*(OFFSET($Q$348,D928,0,$B$916-D928,1)-$B$915))/$B$916 -> 3.1339309e-09 | G928: =E928*F928 -> 2.6517877e-09 | L928: 2 | M928: =1-L928/($J$917+1) -> 0.84615385 | N928: =SUMPRODUCT((OFFSET($Q$348,0,0,$J$916-L928,1)-$J$915)*(OFFSET($Q$348,L928,0,$J$916-L928,1)-$J$915))/$J$916 -> 3.6345481e-09 | O928: =M928*N928 -> 3.0753869e-09
D929: 3 | E929: =1-D929/($B$917+1) -> 0.76923077 | F929: =SUMPRODUCT((OFFSET($Q$348,0,0,$B$916-D929,1)-$B$915)*(OFFSET($Q$348,D929,0,$B$916-D929,1)-$B$915))/$B$916 -> 2.5197146e-09 | G929: =E929*F929 -> 1.938242e-09 | L929: 3 | M929: =1-L929/($J$917+1) -> 0.76923077 | N929: =SUMPRODUCT((OFFSET($Q$348,0,0,$J$916-L929,1)-$J$915)*(OFFSET($Q$348,L929,0,$J$916-L929,1)-$J$915))/$J$916 -> 3.0572701e-09 | O929: =M929*N929 -> 2.3517462e-09
D930: 4 | E930: =1-D930/($B$917+1) -> 0.69230769 | F930: =SUMPRODUCT((OFFSET($Q$348,0,0,$B$916-D930,1)-$B$915)*(OFFSET($Q$348,D930,0,$B$916-D930,1)-$B$915))/$B$916 -> 1.8761242e-09 | G930: =E930*F930 -> 1.2988552e-09 | L930: 4 | M930: =1-L930/($J$917+1) -> 0.69230769 | N930: =SUMPRODUCT((OFFSET($Q$348,0,0,$J$916-L930,1)-$J$915)*(OFFSET($Q$348,L930,0,$J$916-L930,1)-$J$915))/$J$916 -> 2.4353853e-09 | O930: =M930*N930 -> 1.686036e-09
D931: 5 | E931: =1-D931/($B$917+1) -> 0.61538462 | F931: =SUMPRODUCT((OFFSET($Q$348,0,0,$B$916-D931,1)-$B$915)*(OFFSET($Q$348,D931,0,$B$916-D931,1)-$B$915))/$B$916 -> 1.2898088e-09 | G931: =E931*F931 -> 7.9372847e-10 | L931: 5 | M931: =1-L931/($J$917+1) -> 0.61538462 | N931: =SUMPRODUCT((OFFSET($Q$348,0,0,$J$916-L931,1)-$J$915)*(OFFSET($Q$348,L931,0,$J$916-L931,1)-$J$915))/$J$916 -> 1.8884444e-09 | O931: =M931*N931 -> 1.1621196e-09
D932: 6 | E932: =1-D932/($B$917+1) -> 0.53846154 | F932: =SUMPRODUCT((OFFSET($Q$348,0,0,$B$916-D932,1)-$B$915)*(OFFSET($Q$348,D932,0,$B$916-D932,1)-$B$915))/$B$916 -> 6.7060947e-10 | G932: =E932*F932 -> 3.610974e-10 | L932: 6 | M932: =1-L932/($J$917+1) -> 0.53846154 | N932: =SUMPRODUCT((OFFSET($Q$348,0,0,$J$916-L932,1)-$J$915)*(OFFSET($Q$348,L932,0,$J$916-L932,1)-$J$915))/$J$916 -> 1.3111855e-09 | O932: =M932*N932 -> 7.0602297e-10
D933: 7 | E933: =1-D933/($B$917+1) -> 0.46153846 | F933: =SUMPRODUCT((OFFSET($Q$348,0,0,$B$916-D933,1)-$B$915)*(OFFSET($Q$348,D933,0,$B$916-D933,1)-$B$915))/$B$916 -> 8.3026603e-11 | G933: =E933*F933 -> 3.8319971e-11 | L933: 7 | M933: =1-L933/($J$917+1) -> 0.46153846 | N933: =SUMPRODUCT((OFFSET($Q$348,0,0,$J$916-L933,1)-$J$915)*(OFFSET($Q$348,L933,0,$J$916-L933,1)-$J$915))/$J$916 -> 7.5289749e-10 | O933: =M933*N933 -> 3.4749115e-10
D934: 8 | E934: =1-D934/($B$917+1) -> 0.38461538 | F934: =SUMPRODUCT((OFFSET($Q$348,0,0,$B$916-D934,1)-$B$915)*(OFFSET($Q$348,D934,0,$B$916-D934,1)-$B$915))/$B$916 -> -4.1511111e-10 | G934: =E934*F934 -> -1.5965812e-10 | L934: 8 | M934: =1-L934/($J$917+1) -> 0.38461538 | N934: =SUMPRODUCT((OFFSET($Q$348,0,0,$J$916-L934,1)-$J$915)*(OFFSET($Q$348,L934,0,$J$916-L934,1)-$J$915))/$J$916 -> 2.7649098e-10 | O934: =M934*N934 -> 1.0634269e-10
D935: 9 | E935: =1-D935/($B$917+1) -> 0.30769231 | F935: =SUMPRODUCT((OFFSET($Q$348,0,0,$B$916-D935,1)-$B$915)*(OFFSET($Q$348,D935,0,$B$916-D935,1)-$B$915))/$B$916 -> -8.4857917e-10 | G935: =E935*F935 -> -2.6110128e-10 | L935: 9 | M935: =1-L935/($J$917+1) -> 0.30769231 | N935: =SUMPRODUCT((OFFSET($Q$348,0,0,$J$916-L935,1)-$J$915)*(OFFSET($Q$348,L935,0,$J$916-L935,1)-$J$915))/$J$916 -> -1.7068736e-10 | O935: =M935*N935 -> -5.2519188e-11
D936: 10 | E936: =1-D936/($B$917+1) -> 0.23076923 | F936: =SUMPRODUCT((OFFSET($Q$348,0,0,$B$916-D936,1)-$B$915)*(OFFSET($Q$348,D936,0,$B$916-D936,1)-$B$915))/$B$916 -> -1.1823245e-09 | G936: =E936*F936 -> -2.7284412e-10 | L936: 10 | M936: =1-L936/($J$917+1) -> 0.23076923 | N936: =SUMPRODUCT((OFFSET($Q$348,0,0,$J$916-L936,1)-$J$915)*(OFFSET($Q$348,L936,0,$J$916-L936,1)-$J$915))/$J$916 -> -5.491437e-10 | O936: =M936*N936 -> -1.2672547e-10
D937: 11 | E937: =1-D937/($B$917+1) -> 0.15384615 | F937: =SUMPRODUCT((OFFSET($Q$348,0,0,$B$916-D937,1)-$B$915)*(OFFSET($Q$348,D937,0,$B$916-D937,1)-$B$915))/$B$916 -> -1.4417016e-09 | G937: =E937*F937 -> -2.2180024e-10 | L937: 11 | M937: =1-L937/($J$917+1) -> 0.15384615 | N937: =SUMPRODUCT((OFFSET($Q$348,0,0,$J$916-L937,1)-$J$915)*(OFFSET($Q$348,L937,0,$J$916-L937,1)-$J$915))/$J$916 -> -8.5149522e-10 | O937: =M937*N937 -> -1.3099926e-10
D938: 12 | E938: =1-D938/($B$917+1) -> 0.076923077 | F938: =SUMPRODUCT((OFFSET($Q$348,0,0,$B$916-D938,1)-$B$915)*(OFFSET($Q$348,D938,0,$B$916-D938,1)-$B$915))/$B$916 -> -1.6228658e-09 | G938: =E938*F938 -> -1.2483583e-10 | L938: 12 | M938: =1-L938/($J$917+1) -> 0.076923077 | N938: =SUMPRODUCT((OFFSET($Q$348,0,0,$J$916-L938,1)-$J$915)*(OFFSET($Q$348,L938,0,$J$916-L938,1)-$J$915))/$J$916 -> -1.0652028e-09 | O938: =M938*N938 -> -8.1938678e-11

Sheet M2_h12
A1: date | B1: sp500_price | C1: D_12m | D1: sp500_log_total_return | E1: rfree | F1: log_equity_prem | G1: fwd_avg_log_eqprem (Y) | H1: usrec | I1: p_M2_h12 | J1: alpha | K1: beta | L1: forecast | M1: benchmark | N1: se_model | O1: se_benchmark | P1: rolling_R2_OS | Q1: clark_west_f
A2: 18718 | B2: 21.48 | C2: 1.52 | E2: 0.0011592468 | G2: =AVERAGE(F3:F14) -> 0.014623207 | H2: 0
A3: 18748 | B3: 22.43 | C3: 1.53333 | D3: =LN((B3+C3/12)/B2) -> 0.048957672 | E3: 0.0012168233 | F3: =D3-E3 -> 0.047740849 | G3: =AVERAGE(F4:F15) -> 0.0072911763 | H3: 0
A4: 18779 | B4: 21.52 | C4: 1.54667 | D4: =LN((B4+C4/12)/B3) -> -0.035445197 | E4: 0.0012825803 | F4: =D4-E4 -> -0.036727777 | G4: =AVERAGE(F5:F16) -> 0.012562466 | H4: 0
A5: 18809 | B5: 20.959999 | C5: 1.56 | D5: =LN((B5+C5/12)/B4) -> -0.020183805 | E5: 0.0012003766 | F5: =D5-E5 -> -0.021384182 | G5: =AVERAGE(F6:F17) -> 0.018385708 | H5: 0
A6: 18840 | B6: 22.4 | C6: 1.54667 | D6: =LN((B6+C6/12)/B5) -> 0.072182616 | E6: 0.0012907966 | F6: =D6-E6 -> 0.070891819 | G6: =AVERAGE(F7:F18) -> 0.014205108 | H6: 0
A7: 18871 | B7: 23.280001 | C7: 1.53333 | D7: =LN((B7+C7/12)/B6) -> 0.044007426 | E7: 0.0013400788 | F7: =D7-E7 -> 0.042667348 | G7: =AVERAGE(F8:F19) -> 0.0097019578 | H7: 0
A8: 18901 | B8: 23.26 | C8: 1.52 | D8: =LN((B8+C8/12)/B7) -> 0.0045714168 | E8: 0.0013482899 | F8: =D8-E8 -> 0.0032231269 | G8: =AVERAGE(F9:F20) -> 0.0080773007 | H8: 0
A9: 18932 | B9: 22.940001 | C9: 1.48333 | D9: =LN((B9+C9/12)/B8) -> -0.0084790469 | E9: 0.0012743633 | F9: =D9-E9 -> -0.0097534102 | G9: =AVERAGE(F10:F21) -> 0.0091081562 | H9: 0
A10: 18962 | B10: 22.879999 | C10: 1.44667 | D10: =LN((B10+C10/12)/B9) -> 0.0026362108 | E10: 0.0012907966 | F10: =D10-E10 -> 0.0013454142 | G10: =AVERAGE(F11:F22) -> 0.013039974 | H10: 0
A11: 18993 | B11: 23.77 | C11: 1.41 | D11: =LN((B11+C11/12)/B10) -> 0.043092199 | E11: 0.0014303602 | F11: =D11-E11 -> 0.041661839 | G11: =AVERAGE(F12:F23) -> 0.012696214 | H11: 0
A12: 19024 | B12: 24.139999 | C12: 1.41333 | D12: =LN((B12+C12/12)/B11) -> 0.020312962 | E12: 0.0012990121 | F12: =D12-E12 -> 0.01901395 | G12: =AVERAGE(F13:F24) -> 0.010749116 | H12: 0
A13: 19053 | B13: 23.26 | C13: 1.41667 | D13: =LN((B13+C13/12)/B12) -> -0.032072383 | E13: 0.0012743633 | F13: =D13-E13 -> -0.033346746 | G13: =AVERAGE(F14:F25) -> 0.012239364 | H13: 0
A14: 19084 | B14: 24.370001 | C14: 1.42 | D14: =LN((B14+C14/12)/B13) -> 0.051461691 | E14: 0.001315441 | F14: =D14-E14 -> 0.05014625 | G14: =AVERAGE(F15:F26) -> 0.0063223201 | H14: 0
... A167: 23742 | B167: 84.75 | C167: 2.5 | D167: =LN((B167+C167/12)/B166) -> 0.0063566216 | E167: 0.0031450242 | F167: =D167-E167 -> 0.0032115974 | G167: =AVERAGE(F168:F179) -> 0.0064588093 | H167: 0
A168: 23773 | B168: 87.559998 | C168: 2.51667 | D168: =LN((B168+C168/12)/B167) -> 0.035010821 | E168: 0.0031208697 | F168: =D168-E168 -> 0.031889951 | G168: =AVERAGE(F169:F180) -> 0.0040984167 | H168: 0 | I168: 0.78789431
A169: 23801 | B169: 87.43 | C169: 2.53333 | D169: =LN((B169+C169/12)/B168) -> 0.00092594832 | E169: 0.003217449 | F169: =D169-E169 -> -0.0022915007 | G169: =AVERAGE(F170:F181) -> 0.0026801495 | H169: 0 | I169: 0.81227872
A170: 23832 | B170: 86.160004 | C170: 2.55 | D170: =LN((B170+C170/12)/B169) -> -0.012169096 | E170: 0.003217449 | F170: =D170-E170 -> -0.015386545 | G170: =AVERAGE(F171:F182) -> 0.0020281338 | H170: 0 | I170: 0.83473372
